0,0,0
0.072864,12.0566,2922.66
0.069472,0.347136,53.6362
0.083872,0.185408,50.8587
0.09552,1.50234,54.8583
0.09632,0.129152,50.6953
0.133312,1.48768,52.0474
0.084768,1.08822,51.5353
0.075456,1.04554,51.4259
0.089632,1.63664,52.6945
0.098432,0.77872,51.3502
0.072704,1.23462,51.6535
0.072256,1.27357,52.9137
0.088544,0.112128,50.5006
0.093152,1.10384,51.7035
0.066848,0.108672,52.4507
0.071136,1.33123,51.6726
0.061728,1.24794,51.7597
0.078048,1.60256,52.8277
0.186656,0.302336,50.8255
0.093632,1.04333,51.5944
0.14592,0.968,53.3485
0.181248,0.111456,51.6205
0.095232,0.486624,50.8834
0.08448,1.76182,52.7675
0.078272,0.36384,51.8459
0.08144,0.521408,50.9704
0.082432,0.91712,51.3712
0.0848,0.898912,51.8279
0.104256,1.24749,51.6927
0.092832,1.03258,51.4276
0.1008,0.764128,51.3586
0.094912,0.127808,53.7693
0.073088,1.48746,52.1636
0.091712,0.608032,52.7031
0.232896,0.228704,50.9571
0.083392,0.91936,51.3544
0.087296,1.14054,51.672
0.072736,0.971168,51.4867
0.133824,1.12842,54.1897
0.103936,0.146528,51.1017
0.079104,1.33379,51.7895
0.096928,1.19824,51.9537
0.087328,0.511744,51.2996
0.123968,0.484576,52.791
0.082272,0.105376,50.4807
1.06192,0.661824,52.534
0.138496,1.66403,52.915
0.091776,0.743904,51.3586
0.080832,1.15507,51.9459
0.094272,0.128704,51.2286
0.101984,0.244512,51.75
0.148896,0.102624,52.5078
0.07952,0.105184,51.8712
0.152,1.48202,52.042
0.078752,1.18979,51.7293
0.08128,0.871296,51.6659
0.078272,0.655264,51.0252
0.086624,0.106336,51.5383
0.090208,0.871264,52.5463
0.097632,0.107584,51.088
0.093408,1.05798,51.61
0.080192,1.08173,51.4772
0.1,1.27309,51.8516
0.082592,0.118336,52.5236
0.076096,0.107296,50.9104
0.2864,0.816224,51.9618
0.093024,0.78784,51.1618
0.090912,1.0055,51.5124
0.08368,1.13306,52.8605
0.109216,0.145248,51.1302
0.112896,1.37974,51.9644
0.075296,0.676768,51.4072
0.114112,1.1936,51.5577
0.082816,1.09789,51.4506
0.076416,1.10435,51.6274
0.08176,1.53648,52.0715
0.093024,0.94128,51.5139
0.09008,0.728416,51.4794
0.100032,0.881664,51.6227
0.091744,0.936608,52.9416
0.093152,0.167168,51.0429
0.090592,0.120032,51.4292
0.08576,0.11088,53.5253
0.08864,0.134176,51.388
0.0904,1.73814,52.0879
0.22432,1.10349,51.6428
0.078976,1.00506,51.3423
0.074432,0.734592,51.1776
0.0872,1.55664,51.9398
0.085056,0.772448,51.6883
0.070272,1.39046,51.7188
0.114624,0.12576,51.9618
0.076128,1.13866,51.5196
0.088064,1.13328,52.0056
0.087584,0.775232,52.4765
0.084352,0.120544,50.6377
0.110816,1.38861,51.7368
0.095392,1.07558,51.4575
0.088736,0.746496,51.6126
0.10224,1.00275,51.5535
0.084928,0.767424,52.2606
0.070688,0.10624,50.6256
0.078528,0.843136,51.4339
0.090624,0.951136,51.8292
0.081152,0.886304,51.4097
0.202656,0.185696,51.8476
0.073632,0.55296,52.1464
0.620832,0.127648,51.558
0.082528,0.551392,50.9891
0.069344,0.888256,52.2939
0.085024,0.191232,51.0409
0.091584,0.363168,50.982
0.089248,1.1359,51.5206
0.112864,0.753504,51.7252
0.078496,1.55795,52.3513
0.219712,0.640352,51.4822
0.0864,0.804768,51.1683
0.062656,1.0953,53.5309
0.073504,0.115456,50.5412
0.132576,0.956672,51.5358
0.085888,1.72464,52.5277
0.087232,0.404704,53.3741
0.086368,0.177472,50.5647
0.095936,1.08195,53.612
0.092736,0.118656,51.5383
0.089984,0.111808,50.568
0.083168,0.720096,51.0567
0.076,1.27142,51.7806
0.081504,1.05494,51.6976
0.083232,0.564256,51.3748
0.080288,1.03053,51.3404
0.08576,1.30074,51.6914
0.499872,0.989696,51.9312
0.096928,1.05914,51.8109
0.076416,1.09235,53.0139
0.897344,0.112992,51.8352
0.077152,1.0104,52.0036
0.147936,0.458816,51.1942
0.089056,0.616768,51.0503
0.084032,3.2136,54.7096
0.093824,0.20128,51.5194
0.083648,0.47504,50.8747
0.080544,1.64854,52.9696
0.256256,0.468928,50.971
0.113216,1.91306,53.2244
0.09744,0.332704,50.8676
0.163136,1.73043,52.2459
0.095776,1.47267,51.901
0.148544,1.6305,52.6753
0.09504,0.870912,51.4753
0.1944,0.958176,51.7081
0.070592,0.34688,51.7528
0.091264,0.728768,51.1195
0.08496,0.961888,51.6578
0.083616,0.95408,51.4987
0.089184,1.21622,51.8314
0.076224,0.696416,51.7936
0.0776,0.175584,51.5972
0.084928,0.7664,51.1648
0.074912,1.0592,51.4691
0.247904,1.34144,51.9453
0.079808,0.7864,52.0954
0.081792,0.103936,50.8872
0.098624,1.31571,52.5146
0.450784,0.123552,51.9305
0.098656,0.298816,52.5801
0.183808,0.11648,52.2497
0.11632,2.2688,52.8295
0.254784,1.08397,51.6792
0.084288,1.15856,51.9993
0.083072,0.717248,53.0217
0.087264,0.119776,50.5393
0.614464,0.113728,53.0377
0.090496,1.50646,52.8811
0.087616,0.18048,52.0854
0.073824,1.15885,51.6969
0.08272,1.89315,52.2367
0.225376,1.06525,52.3713
0.082368,1.19757,51.7154
0.081376,2.1088,53.2064
0.083072,1.52717,52.3161
0.086304,0.499328,51.068
0.116512,0.74192,51.0987
0.15536,1.49731,52.504
0.090368,0.35696,50.9596
0.081952,1.35725,53.5323
0.080096,0.116704,50.4668
0.084704,1.11245,51.8035
0.071936,1.02637,52.8546
0.087616,0.12496,50.6431
0.088992,1,51.4737
0.077728,1.17824,51.8399
0.09472,1.13603,51.5098
0.080768,0.735456,51.4426
0.08336,1.23162,51.5856
0.088544,1.12954,51.6768
0.078432,1.19987,51.5414
0.217248,1.12221,51.6875
0.090784,1.49469,52.0807
0.093536,0.858656,51.5502
0.071072,1.02451,51.3874
0.078848,1.19331,51.4959
0.139392,0.96272,51.9596
0.079968,1.08954,51.5261
0.085888,1.20784,51.6128
0.084352,2.65558,53.0437
0.08368,1.06896,51.454
0.098816,0.178528,52.4584
0.093632,0.115936,50.5081
0.09744,1.17402,54.9949
0.112608,0.211328,51.2438
0.092896,0.248288,51.0245
0.091616,0.789952,51.4106
0.948992,0.737952,52.7663
0.080416,0.976448,51.3498
0.077088,0.720704,52.4924
0.086464,0.21664,50.7162
0.08016,0.784,51.8665
0.093472,0.980896,51.735
0.147776,0.763136,52.4572
0.129856,0.121632,50.5048
0.07296,1.44438,51.788
0.08416,1.19917,51.7428
0.822624,1.39974,53.2152
0.079776,0.20992,51.1178
0.078592,0.567168,51.5992
0.078656,1.66512,52.1225
0.077792,0.781504,51.6918
0.094528,1.30602,51.8646
0.074816,0.944768,52.0045
0.178496,0.689856,51.2252
0.081856,1.25866,51.59
0.078432,1.224,51.5738
0.112704,1.01555,51.3909
0.117376,0.911872,51.6202
0.069312,0.868608,51.2292
0.084128,1.2008,51.7446
0.126592,1.04954,51.5477
0.10848,1.5897,55.6701
0.069344,0.217056,50.5742
0.102656,1.24429,52.0523
0.09872,0.816768,51.2798
0.071936,0.806208,51.2153
0.086336,0.820096,51.7655
0.086464,1.29773,51.6324
0.07776,1.34714,51.8837
0.072736,0.70848,51.5368
0.128416,0.822528,51.3437
0.081536,0.919744,51.3298
0.103072,1.64016,52.3629
0.082528,1.04566,51.5179
0.072928,1.24547,51.6349
0.088224,1.0311,51.5301
0.097504,0.869344,52.0316
0.090752,0.16496,51.5472
0.089984,0.770144,51.2485
0.12128,1.34195,52.9402
0.092448,0.1744,51.7765
0.09984,0.2232,53.0058
0.097024,0.173312,50.5613
0.068,1.36038,51.6683
0.07248,1.54659,51.9376
0.152416,1.38637,51.8034
0.163424,1.25309,53.0128
0.081728,1.18915,52.6099
0.075424,0.150336,50.4927
0.080704,0.818304,51.2
0.079232,0.198368,51.6975
0.076128,0.927904,52.1516
0.12656,0.570976,50.9958
0.078336,1.21466,51.7361
0.075968,1.42301,51.8722
0.07712,2.92778,53.3556
0.074816,0.913696,51.2976
0.065056,1.00531,51.3653
0.069376,1.03162,51.492
0.07296,0.2184,52.0833
0.079008,0.855392,51.3235
0.133056,1.25078,51.6149
0.175904,0.959232,52.4105
0.083392,0.116672,51.2938
0.080864,1.2065,51.726
0.098656,0.8512,51.4922
0.09072,1.59286,51.9455
0.08912,1.8615,52.9249
0.078912,0.79888,51.1605
0.243264,1.2809,51.7924
0.06432,1.21418,51.5477
0.088928,3.15082,53.5106
0.279712,1.09165,51.702
0.079072,0.152032,52.4175
0.084512,0.106496,50.8081
0.182464,0.937664,51.9809
0.096192,0.6264,51.0389
0.086112,1.26736,51.8732
0.078208,0.842976,51.1656
0.08992,1.18317,51.6447
0.074912,1.07709,51.8672
0.09344,1.52656,51.9016
0.096224,0.5552,51.7956
0.077344,1.4751,51.8485
0.066432,0.816352,52.062
0.094464,0.536608,53.1056
0.176064,0.353728,51.2807
0.083488,0.874624,51.3205
0.0696,1.03869,51.3994
0.078016,1.15949,51.8257
0.060864,1.47933,52.8035
0.07712,0.125792,51.0393
0.076096,0.755488,51.2815
0.08256,1.22582,51.5676
0.135904,0.295328,51.6176
0.06976,2.02058,54.4787
0.083008,0.11392,50.6961
0.078784,1.07299,51.5038
0.079072,1.4431,52.1298
0.346272,0.955808,53.49
0.075488,0.168,50.6273
0.154656,1.4144,51.935
0.080128,1.55763,52.13
0.093472,1.5271,54.524
0.460864,0.369984,51.2905
0.213472,1.08704,51.9884
0.077216,0.767488,53.3862
0.08512,0.169984,51.1875
0.076704,0.600864,51.4956
0.069984,0.607232,50.938
0.077312,1.00256,51.3336
0.070976,1.26998,52.0249
0.087904,1.67904,53.4097
0.081824,1.06653,51.4641
0.090464,2.00541,52.5911
0.080544,0.921376,51.5871
0.198816,0.735328,51.4156
0.084992,0.20992,51.4553
0.115072,1.01683,51.4217
0.097024,2.29802,52.6474
0.102944,0.357536,51.6758
0.084672,0.10112,54.3963
0.081504,0.302176,51.4902
0.073376,0.498848,51.7942
0.220416,0.995648,51.9274
0.08448,2.4855,53.4579
0.077952,0.329184,50.8422
0.087296,1.28368,51.8612
0.08368,0.803904,51.4386
0.081536,1.00045,51.5571
0.082816,0.90128,51.2593
0.134112,1.43437,51.818
0.124064,1.47718,51.9303
0.085184,1.17078,51.5276
0.099456,0.958304,51.7418
0.081184,0.404096,51.0195
0.498304,0.830944,51.7068
0.085536,0.99088,51.3171
0.088736,0.612192,51.6306
0.081824,0.705504,51.0893
0.082304,0.453632,52.0027
0.121344,0.087712,51.2006
0.06176,1.30957,51.7666
0.0736,1.97603,53.7059
0.076704,0.170464,50.6282
0.062816,0.921024,51.441
0.078528,1.04035,51.3971
0.07984,1.20851,51.7618
0.070304,1.33875,52.074
0.138976,0.734432,52.0468
0.072608,0.288992,50.6395
0.072672,1.02486,51.4147
0.644256,0.760224,52.4831
0.079808,0.113728,51.1253
0.074432,1.45936,52.0498
0.085184,2.31914,52.8101
0.073632,1.55344,51.9335
0.815712,1.49392,52.821
0.097248,1.27542,52.8144
0.290176,0.971008,51.6482
0.079168,1.83085,52.2491
0.090048,1.7176,52.278
0.087584,1.06906,52.0503
0.100704,0.703552,51.8311
0.0712,0.107616,50.5776
0.08032,0.881344,52.9879
0.081952,0.088288,50.5684
0.077568,1.16995,52.3324
0.085184,0.119808,50.5897
0.101216,0.80352,53.2646
0.09664,0.111936,51.1607
0.081184,0.260288,50.899
0.086464,1.06304,51.5489
0.086208,1.03491,51.8844
0.13824,1.49107,51.9689
0.203424,1.13443,52.0221
0.078752,1.46077,51.8366
0.07904,0.088512,53.9541
0.082048,0.133568,50.781
0.081216,0.733376,51.2565
0.095136,1.17104,52.3012
0.089696,0.565728,51.0365
0.090976,0.118816,100.698
0.107392,1.88918,52.2719
0.110496,1.32397,52.3629
0.233856,0.307552,51.5469
0.101856,0.708416,51.9638
0.111712,0.743904,51.6817
0.076544,0.761472,51.1093
0.083488,0.105824,51.6136
0.08992,1.572,52.3818
0.075776,0.453856,51.4041
0.07776,0.8856,51.4809
0.078656,0.213248,51.5402
0.078368,1.50416,51.831
0.07488,0.81888,51.1921
0.081184,2.09744,52.5263
0.381184,1.14458,51.8409
0.12384,1.52986,53.241
0.077728,0.094592,50.4663
0.081408,1.7528,52.1402
0.07504,0.525664,52.0192
0.147392,0.96464,52.2126
0.094368,0.129856,51.8921
0.090496,2.02714,52.8307
0.088384,0.717344,51.9054
0.391552,0.404512,51.6308
0.084256,0.732512,52.6326
0.08192,0.112,50.6432
0.091168,0.843808,51.7606
0.144928,0.592192,51.1368
0.084192,0.139232,51.6042
0.116544,0.1168,51.9356
0.097472,0.126048,51.5294
0.065952,1.34445,51.645
0.083776,0.988224,51.9373
0.095168,0.250144,53.0822
0.069664,0.59776,51.9556
0.083264,0.654752,51.003
0.086752,0.877024,51.9784
0.076576,0.191232,51.3526
0.096192,0.160544,52.0623
0.078304,1.97085,52.4288
0.1168,0.805376,51.3816
0.071104,1.07133,51.4572
0.077024,0.855488,51.4464
0.100608,0.916256,51.3184
0.174624,1.50189,53.2916
0.091136,1.29494,52.3283
0.095936,0.119264,54.4666
0.110016,0.117952,50.842
0.141408,1.01978,51.6144
0.069952,1.32582,54.1316
0.086528,0.087488,50.5745
0.079424,1.3807,51.7382
0.068384,1.46048,52.2893
0.078112,0.821728,51.2261
0.09344,0.370944,51.4341
0.079232,1.11405,51.6237
0.103712,0.689632,51.5176
0.189344,0.698848,51.3572
0.138592,1.35328,52.0039
0.062592,0.1104,51.6567
0.071136,2.02448,54.0868
1.50141,0.09728,52.6403
0.286016,0.178848,51.1453
0.086208,2.54557,53.8026
0.504,0.099872,54.3902
0.09824,0.108,50.8502
0.312544,0.865984,52.496
0.084832,0.917792,51.7598
0.091744,1.07693,51.4818
0.088032,1.02253,51.5481
0.088032,1.0808,51.6391
0.081536,0.618912,51.5036
0.13376,1.14032,51.6146
0.083072,1.1072,51.4907
0.090016,5.17168,55.5629
0.08688,0.740256,51.9562
0.079616,0.101056,50.6505
1.27853,0.922656,53.051
0.101888,0.145056,51.1214
0.079392,0.965152,51.6631
0.0808,0.670496,51.0545
0.086752,0.81488,51.5216
0.102176,0.927424,51.314
0.092576,0.502304,51.6709
0.085664,0.60448,52.1343
0.098048,0.20976,50.6612
0.083072,1.39952,51.8365
0.09744,0.123808,51.2296
0.0824,0.97808,51.314
0.076544,1.52621,52.0783
0.089152,1.2231,51.9243
0.083776,1.3465,51.6715
0.155392,1.39616,51.8563
0.081728,1.16454,52.1488
0.077248,0.656928,51.0098
0.091936,0.93472,51.4963
0.086592,0.433408,51.5583
0.09472,3.53571,54.8232
0.080288,1.71302,52.1264
0.076096,0.482624,51.9432
0.09168,0.33824,51.3143
0.099744,1.2983,51.678
0.082592,1.18058,52.2842
0.088544,0.615136,51.0709
0.082528,1.12285,52.7203
0.113472,0.167552,52.1824
0.14368,0.155808,50.9052
0.07616,0.785472,51.2636
0.132416,0.96784,52.3035
0.080928,0.184768,50.6833
0.140096,0.269824,51.3326
0.105888,1.01837,51.399
0.084256,1.26045,51.7199
0.075712,0.693088,51.4035
0.09216,0.828288,51.4471
0.076512,1.31917,51.6999
0.071712,0.52112,51.4462
0.084416,0.7448,51.3298
0.084736,0.440288,51.6388
0.126848,1.03539,51.5501
0.080736,0.73744,51.9543
0.094816,0.097024,50.8284
0.083584,0.623712,51.9891
0.086976,0.134496,50.7172
0.072544,0.951424,51.7371
0.130528,1.57411,52.1275
0.074976,0.56,51.3893
0.09744,1.15242,51.5243
0.076,0.150944,54.5095
0.072032,0.666976,51.3696
0.073472,0.678656,51.6374
0.657024,0.516896,51.8385
0.477824,1.05984,51.7787
0.072096,0.226144,51.2535
0.136928,0.10528,52.5983
0.077536,0.33792,50.9017
0.09024,1.01517,51.8172
0.088128,0.227616,50.9488
0.074688,0.929312,51.2785
0.079648,1.20678,51.717
0.096032,1.05901,52.4708
0.08576,0.164256,50.9529
0.093664,0.537664,50.9989
0.631392,0.899392,52.0419
0.078528,0.49824,51.4077
0.087136,0.095072,51.8801
0.069952,0.804928,51.2372
0.138656,1.18288,51.5938
0.104192,0.108256,51.627
0.094112,0.09808,53.5012
0.09728,1.34384,51.9239
0.084224,1.1087,51.6809
0.086624,1.07901,51.8817
0.08272,0.972736,51.4551
0.080672,0.841536,51.2057
0.23792,0.86784,51.3361
0.081984,1.11286,51.668
0.094464,0.811488,51.6968
0.086528,0.839776,51.6487
0.188832,0.547744,51.1633
0.0944,1.00138,51.919
0.073024,0.868384,51.2029
0.0992,1.40109,53.8658
0.117728,0.126976,50.835
0.090624,0.788224,51.1281
0.096576,0.487552,51.4511
0.148576,1.60682,52.0354
0.089536,1.39488,51.7904
0.072736,0.331968,51.1543
0.070176,1.0055,51.7825
0.073152,0.959488,51.46
0.109376,2.27136,53.5208
0.254048,0.218752,51.3604
0.079456,0.22688,50.8122
0.090176,2.30211,52.9503
0.093856,1.01318,51.8909
0.079776,0.760608,52.5514
0.120416,0.288,52.4576
0.068352,0.965696,51.5963
0.12224,0.59104,51.2752
0.085856,1.0793,51.6343
0.086496,1.3263,51.6919
0.059104,1.33213,51.992
0.071136,0.770592,51.154
0.086976,0.158816,56.4401
0.084608,0.095104,50.5269
0.079968,1.284,51.8057
0.13968,0.159776,52.3388
0.08064,0.550016,51.2764
0.073728,0.868288,52.0998
0.098208,0.19136,50.9031
0.0872,0.4472,51.4864
0.095552,0.182752,54.4634
0.089312,0.950016,51.8588
0.073888,1.08899,51.4122
0.081728,1.38208,51.7183
0.079296,2.41165,52.7798
0.091552,2.14624,52.5165
0.083936,1.03619,51.3658
0.078912,0.559008,55.3994
0.071296,0.09664,51.0916
0.079584,0.446976,51.1494
0.366784,1.10986,52.5633
0.087776,0.11424,51.7876
0.110208,1.8192,52.4155
0.0944,0.178464,51.2683
0.087232,1.36246,51.7791
0.104864,0.117184,52.2454
0.082464,1.3361,51.7786
0.084,1.29379,52.6238
0.084928,1.33901,51.7622
0.14208,1.37341,52.327
0.07664,0.534272,50.9705
0.084544,0.876896,51.2924
0.089504,0.117696,53.7474
0.088352,0.86848,51.4187
0.082944,1.38992,53.3369
0.085536,0.184992,51.5113
0.097984,1.94483,52.3885
0.085472,1.14467,52.1159
0.075744,0.632128,51.3438
0.07232,1.03725,51.3668
0.098752,1.50509,53.5402
0.497344,0.120128,51.3169
0.083584,1.08307,51.9574
0.131552,1.22656,51.9818
0.068,1.6007,52.0153
0.188448,1.33315,52.4116
0.277344,0.763104,51.5907
0.141472,1.84125,52.6512
0.082016,0.841216,51.265
0.075424,2.1208,52.9149
0.101376,0.414144,51.1504
0.071904,1.08173,51.3985
0.216192,1.06323,51.6512
0.066528,1.14749,51.5863
0.40544,1.53267,52.5384
0.08224,0.535072,52.0731
0.076576,0.29952,50.6386
0.088832,0.879904,51.3073
0.102592,1.73942,52.7454
0.077248,1.29424,51.6026
0.09056,1.15187,51.5492
0.07952,1.51882,52.1013
0.082944,0.711328,51.7852
0.095104,0.28704,50.8363
0.0856,0.939552,51.673
0.136288,3.20515,53.5841
0.2112,1.05379,52.0685
0.284416,1.17334,51.7707
0.088256,0.993408,51.3202
0.609344,1.2887,56.4713
0.07824,0.11136,51.569
0.091488,0.124992,50.6785
0.137088,0.960384,51.4645
0.072736,0.97808,51.3331
0.08208,0.4704,52.0408
0.0832,0.577984,51.3017
0.084992,0.48864,51.3377
0.13504,0.942432,52.5711
0.090336,1.51248,52.0456
0.135488,1.00957,51.7437
0.077568,1.05363,51.3965
0.096896,0.784736,51.2784
0.086144,1.0417,51.4468
0.080448,1.39261,51.7868
0.078752,0.96832,51.4211
0.127168,0.894368,51.8056
0.131232,0.580736,51.1627
0.088704,0.7352,51.3813
0.084672,0.569344,52.744
0.092832,0.163456,50.8228
0.071104,0.546272,51.041
0.08688,1.37405,52.8306
0.07872,0.248416,50.9801
0.097632,0.44512,51.8921
0.096704,0.116672,51.1292
0.098528,0.924992,54.1409
0.085824,0.113568,51.7672
0.177952,0.149216,51.2329
0.0832,0.194304,50.7934
0.070752,0.91712,51.2744
0.08368,0.721856,51.1905
0.10992,1.02995,52.0034
0.082912,0.102144,50.7466
0.090496,1.35546,52.2964
0.089504,0.228384,50.7209
0.200064,1.00358,52.0865
0.072352,0.427104,51.8873
0.100864,0.900736,51.4374
0.08736,1.16899,51.8056
0.089984,0.870304,51.8644
0.09568,0.366624,51.8817
0.069024,0.09712,50.642
0.081536,0.915264,51.9841
0.089856,0.172096,50.7696
0.0808,0.435008,52.147
0.084,0.759872,51.8853
0.085728,0.103456,51.0009
0.09328,0.56512,50.9299
0.14448,1.05085,52.4892
0.08688,0.178848,50.7105
0.098592,0.987264,52.2725
0.085184,1.11146,51.481
0.082208,1.50864,51.9155
0.098944,0.143264,52.4608
0.09376,0.65488,51.4673
0.0808,1.58563,52.5452
0.07856,1.12058,51.4347
0.076704,2.06314,52.5302
0.081696,2.80832,53.2389
0.656864,0.163584,52.2812
0.07936,1.41101,51.897
0.09504,1.61686,52.1777
0.093248,1.08349,52.3462
0.126144,1.03302,51.8257
0.095456,0.55152,51.4387
0.084576,0.773696,51.2764
0.090496,1.12253,51.4681
0.0784,1.16173,51.859
0.087712,1.36989,52.5033
0.087072,0.530336,51.0026
0.088736,1.13184,51.647
0.088,1.50845,52.4153
0.081888,0.296448,50.9308
0.086144,1.17322,51.5217
0.091072,1.16653,52.1659
0.09024,0.944672,51.8158
0.083712,0.537216,50.9426
0.0784,0.426752,51.285
0.069824,0.988768,51.487
0.101312,1.32314,51.7517
0.087936,1.60349,51.996
0.08064,1.35843,51.6886
0.740704,1.63376,54.3686
0.1448,0.129024,50.5713
0.28,2.6903,53.2424
0.08656,0.106656,51.5504
0.099968,0.558304,51.6539
0.126688,1.13507,52.9181
0.09312,0.132864,51.8373
0.087552,0.120096,51.6182
0.092,0.627616,51.0858
0.08656,0.938336,51.4047
0.087008,0.856672,51.2998
0.086816,0.789312,52.1671
0.095328,1.30109,52.4203
0.160192,0.55872,51.203
0.138176,1.20934,51.6213
0.14,0.924,52.1842
0.083552,0.560224,51.4704
0.111808,0.440128,51.1784
0.073856,0.886752,51.2245
0.088832,1.15651,51.607
0.146592,1.16826,52.014
0.0848,0.258112,51.3479
0.123136,0.605376,51.5986
0.099264,1.26237,51.6878
0.0904,1.04358,51.7663
0.083744,1.22579,51.6641
0.088704,1.35693,51.8497
0.09984,0.863904,53.5221
0.091456,0.182016,50.6928
0.088064,0.139808,51.2664
0.096128,1.08451,51.4188
0.08432,0.649568,51.7179
0.100704,0.493952,51.2798
0.095552,1.70787,52.1365
0.091872,1.10986,51.4859
0.08304,1.87331,53.6833
0.084768,0.12464,50.5619
0.239488,1.572,58.0561
0.097664,0.12336,51.8029
0.144448,1.02848,51.764
0.3504,1.30842,52.4542
0.081056,0.565568,51.0114
0.094048,1.01853,51.3587
0.07984,1.87437,52.3525
0.201696,1.17542,52.1616
0.077888,0.676704,51.8805
0.07536,0.213856,50.5967
0.088864,1.1337,51.6297
0.077536,1.07078,51.5562
0.107968,1.02746,51.715
0.081344,1.02643,51.8052
4.33152,0.560256,58.0481
0.121824,0.12096,50.714
0.089824,0.898272,51.5129
0.094208,1.22944,51.6609
0.104224,1.00477,51.9234
0.093792,0.41296,51.4872
0.08576,1.36486,52.7879
0.087936,0.8768,52.0066
0.221248,0.11824,51.1854
0.083136,0.229344,50.6103
0.151968,3.52406,54.3572
0.10112,0.180896,51.4258
0.087904,1.22454,51.6703
0.081344,4.46202,55.6208
0.076928,0.298592,50.8339
0.08832,1.46442,51.9634
0.074048,0.808608,51.256
0.096864,2.72797,53.9733
0.094624,0.143616,51.2711
0.080064,0.697792,51.7548
0.069856,0.37792,50.7647
0.086048,0.366464,51.9125
0.126592,0.124288,50.808
0.09232,1.05075,52.016
0.090656,0.449056,50.8403
0.096608,1.49658,52.2315
0.100128,2.65024,53.0135
0.09776,0.116512,51.9303
0.07888,0.552928,52.5681
0.0912,0.11648,50.594
0.106016,0.914944,51.3164
0.088032,0.117664,51.7868
0.091584,1.11786,51.5948
0.098112,0.550368,52.1523
0.108576,0.222656,52.3531
0.081248,0.111328,51.3404
0.0816,0.538176,51.5171
0.17824,0.131232,50.9033
0.097536,1.32525,51.7507
0.111776,0.491584,54.4903
0.14352,1.75834,52.2451
0.08864,3.59619,54.096
0.083136,0.523424,51.362
0.098816,1.51987,52.7523
0.078976,0.39792,51.4998
0.093888,0.664448,51.1255
0.08192,0.19696,51.9735
0.090368,0.990336,51.5934
0.083072,0.120608,52.3803
0.082176,0.881536,51.3504
0.096608,1.32486,51.8182
0.089408,1.93107,52.756
0.094752,0.114816,53.01
0.097088,0.112384,50.7107
0.088224,4.79178,56.1663
0.08288,0.823488,51.4629
0.087264,0.574912,51.4541
0.083776,0.53392,51.4715
0.08448,1.11005,51.6599
0.138048,1.08134,51.7074
0.077344,0.767168,51.5351
0.073024,0.518336,51.5107
0.079264,0.464704,51.953
0.084224,0.17376,50.5846
0.08256,1.2649,51.6055
0.094944,1.35779,51.7893
0.076224,1.27219,51.7877
0.073344,0.796736,51.5925
0.085152,0.76304,51.5065
0.089728,1.12032,51.6541
0.100832,1.23002,51.6119
0.093376,0.885568,51.9905
0.203616,0.29888,50.8663
0.087328,0.293792,52.3492
0.099808,0.338656,50.7376
0.089856,2.98688,53.8999
0.095712,1.05971,51.7358
0.094016,1.36211,52.1444
0.093472,0.922624,51.2609
0.082624,1.00189,51.4495
0.062528,1.31411,51.6138
0.139648,1.4841,52.1402
0.157056,0.86992,51.5047
0.086624,1.48262,51.8196
0.077504,1.29626,51.9053
0.07856,0.823136,51.1809
0.095392,0.17376,52.2252
0.093248,0.983616,51.416
0.096512,1.28768,51.8334
0.091008,1.17626,51.7045
1.70877,1.15632,53.6689
0.087552,0.677632,51.2077
0.109632,0.957088,51.6791
0.097504,1.30778,52.1362
0.097184,50.5468,101.226
0.130176,0.802368,51.2055
0.0832,0.933888,53.36
0.176064,0.126592,50.6417
0.091456,1.01229,51.3828
0.134816,0.735808,51.7313
0.302976,0.786048,52.4176
0.106912,0.139488,50.5471
0.089856,0.9416,51.518
0.075168,0.760576,51.2332
0.079424,0.903136,52.3161
0.084384,0.206848,51.1297
0.089184,0.514752,51.5983
0.466176,0.386944,51.114
0.09248,0.945472,51.3016
0.087232,0.776256,51.897
0.132256,0.428864,51.2994
0.079232,0.284896,50.9323
0.087296,2.86653,53.2975
0.084448,2.94083,53.9443
0.081728,0.607744,51.2445
0.089024,0.155008,52.5717
0.090016,0.519328,51.4567
0.086208,0.139872,51.4772
0.155776,0.802112,51.5276
0.085728,0.936864,52.1259
0.080288,0.120416,50.7281
0.08304,0.946816,51.346
0.089856,1.01126,51.3632
0.082368,1.30848,51.6189
0.075136,1.16038,51.877
0.082784,0.45776,52.0873
0.086752,0.114848,51.4763
0.076672,0.172224,50.8985
0.12336,0.625824,51.5186
0.076704,0.576512,51.1122
0.096896,0.614528,51.9166
0.07936,0.728512,51.0495
0.088736,1.58454,51.9229
0.079424,1.67226,53.1174
0.087008,0.130112,51.279
0.088512,0.251808,51.433
0.082816,0.620576,51.4616
0.083552,1.30518,52.4746
0.0832,1.05491,51.9791
0.081952,0.329216,50.957
0.092416,1.05286,51.5156
0.086016,1.3087,52.2648
0.096256,0.632576,51.068
0.079104,1.38624,51.7768
0.548032,0.117568,52.0327
0.078912,0.919744,51.3832
0.096896,1.12307,52.1999
0.090592,0.22784,50.7406
0.095392,0.95984,51.4238
0.089344,0.909152,51.8379
0.082336,0.512576,50.8958
0.083776,0.914816,51.3181
0.079936,1.2391,52.482
0.080736,0.289504,50.6588
0.09984,0.132512,52.5315
0.082528,0.19984,50.8234
0.080832,0.912704,51.3813
0.118624,0.982464,52.0601
0.080576,0.508352,50.8578
0.085568,1.34045,51.8893
0.080832,0.806784,51.1324
0.119296,1.10019,51.5359
0.086464,1.87194,52.6177
0.074336,1.04195,51.6021
0.083968,0.910848,51.2659
0.117984,1.03312,51.7444
0.144704,0.745664,51.1113
0.08464,1.08067,51.3917
0.107968,0.852448,51.678
0.08112,0.707136,53.4552
0.080672,0.244352,52.6032
0.095136,0.509536,52.6786
0.083328,1.00419,51.3544
0.164416,0.992992,51.7935
0.083392,0.569088,52.1686
0.098304,0.201504,51.1847
0.085568,0.512576,50.9032
0.096128,0.737664,53.1861
0.149728,0.117696,50.6896
0.119488,0.979968,51.4551
0.085664,0.945408,51.4388
0.086336,0.76832,51.9616
0.300448,0.180448,51.0486
0.0944,1.08653,53.6698
0.087552,0.12528,50.4945
0.093312,3.5713,56.5754
0.111328,0.179232,51.1232
0.13776,0.643008,51.1921
0.125856,1.10429,53.4642
0.094816,0.106016,50.538
0.089792,0.810496,51.3637
0.096768,1.08458,51.4179
0.142688,0.929792,51.3377
0.087616,0.386528,51.3602
0.14656,1.22282,51.6703
0.149728,0.109984,53.2259
0.084608,0.526272,53.4872
0.121632,0.113088,50.7231
0.087232,1.03107,51.4462
0.074432,1.33181,52.2737
0.089856,0.42112,51.6277
0.078112,0.718496,51.1532
0.082848,1.07824,51.7691
0.090848,0.737408,51.049
0.085184,1.49434,51.8869
0.088448,0.90048,51.3248
0.104384,1.01309,51.3843
0.514112,0.851936,51.8263
0.083712,0.92,51.2718
0.09568,1.12944,51.4936
0.13744,3.12294,53.8455
0.086176,1.51766,52.043
0.087232,0.77536,51.1165
0.092192,1.17299,51.956
0.169632,1.98394,52.9492
0.143584,0.314816,51.0486
0.083104,0.096736,100.667
0.066336,1.18176,51.6577
0.080128,0.794144,51.4166
0.078048,0.863968,52.6296
0.087168,0.100352,50.5297
0.089792,1.18112,51.5289
0.082816,1.29328,51.8628
0.093024,2.21024,56.149
0.089984,0.139872,51.1262
0.087264,0.103168,51.9889
0.09424,1.23059,51.6167
0.097344,0.11392,54.8481
0.087104,0.448032,51.2673
0.133632,0.986976,52.5128
3.27229,0.105472,54.0995
0.084576,0.171424,50.5328
0.089184,1.60291,52.1367
0.134432,0.859296,51.3781
0.086688,0.966048,51.3959
0.093184,0.753216,51.8452
0.084864,0.382432,52.7977
0.08976,0.120416,51.3073
1.2585,0.344128,52.2263
0.089248,1.03453,51.5139
0.081376,0.762656,52.0979
0.089952,0.162496,50.73
0.088832,0.654848,51.261
0.092192,1.16234,51.537
0.099072,1.38109,51.7618
0.255584,1.40147,52.3596
0.08192,0.578976,51.0021
0.14368,1.2768,52.2382
0.084736,0.8592,51.3214
0.096448,0.645344,51.7936
0.124384,1.65341,52.6076
0.095072,0.886336,51.4354
0.086624,0.119136,53.2735
0.093376,0.468768,54.2905
0.101984,0.12704,50.6045
0.091328,0.113888,52.2691
0.088832,1.26909,51.5937
0.095744,1.44416,51.8451
0.088384,1.16214,51.5086
0.084672,1.17405,51.8687
0.137152,0.083616,51.941
0.14112,0.109792,50.6838
0.08688,0.972928,54.0133
0.339328,0.204256,51.4128
0.074016,0.173088,51.0204
0.654176,1.21181,52.2034
0.349952,1.24349,52.0331
0.156352,0.765664,51.2892
0.193792,1.1505,51.6999
0.084256,0.987168,51.3595
0.089184,2.38634,52.7785
0.084256,0.978336,52.0404
0.089664,0.281216,51.1399
0.08912,0.600608,51.8175
0.222208,0.957216,51.6498
0.0984,1.04586,51.471
0.078816,1.34288,51.6524
0.095616,1.04336,51.6341
0.095392,0.944928,51.5664
0.093696,0.120928,53.5471
0.09712,0.17888,52.5673
0.09424,0.93232,52.8915
0.100864,0.140096,50.8373
0.096608,1.35872,53.0601
0.081888,0.152832,52.3211
0.092288,0.111072,50.5363
0.098304,2.05363,52.4864
0.087936,1.11037,51.4489
0.146976,1.2769,51.7593
0.085184,1.20336,51.5776
0.132256,0.98608,51.5784
0.084192,0.582848,51.2955
0.14096,0.561952,51.0759
0.076,0.88416,51.3802
0.088224,0.089952,51.605
0.084352,0.989056,51.4895
0.088032,0.9496,51.87
0.134656,0.516,51.2373
0.095424,4.10333,55.3378
0.095264,0.278208,50.8587
0.13648,0.928448,51.5392
0.085376,0.976512,51.3055
0.084704,2.22912,53.9765
0.095008,0.979456,51.4639
0.194528,2.63293,53.2016
0.082624,1.6943,53.4425
0.094016,1.69702,52.3272
0.552896,0.834464,55.2656
0.08896,0.126912,50.7376
0.087904,1.0425,51.4302
0.07696,1.36643,52.2073
0.0848,1.1569,52.7613
0.076,0.360832,50.8611
0.090752,1.76048,53.0474
0.143584,1.44435,53.9451
0.152832,0.117632,50.7583
0.07792,0.86624,51.3835
0.140512,1.1648,51.7275
0.087616,0.972288,51.3839
0.084384,1.29658,52.3399
0.249312,0.14272,51.3713
0.093376,0.515584,51.8257
0.102176,0.106912,50.7507
0.091936,1.14144,52.2745
0.086528,0.489248,50.9938
0.138816,0.103776,53.426
0.087712,0.148832,51.7438
0.080928,0.933856,51.5123
0.087552,1.5136,51.9997
0.087264,0.11984,51.8363
0.120544,1.40944,51.8135
0.08736,1.70282,52.0662
0.142656,1.37846,51.9424
0.076128,0.779328,51.5249
0.126048,0.77728,51.2289
0.085728,1.51869,52.9795
0.100992,0.479776,50.9505
0.08208,1.87782,52.3446
0.084512,2.09443,52.4627
0.084224,1.04032,51.3494
0.079584,1.08854,51.6827
0.098432,0.675328,51.2525
0.09312,1.1849,52.1963
0.091104,0.55312,51.6006
0.087296,0.88032,52.0783
0.092032,0.291456,51.2524
0.102304,1.02941,52.5664
0.090176,0.293824,50.8985
0.105984,1.39885,52.7436
0.146304,0.783488,51.833
0.0832,1.00659,52.3768
0.154048,0.52848,51.9906
0.09424,0.156352,50.6591
0.117728,1.2737,51.9573
0.086848,1.20723,52.0833
0.087904,0.099392,51.1188
0.155008,1.44893,52.7117
0.097952,0.099232,50.7649
0.08752,1.32448,51.8628
0.092416,0.887456,51.3739
0.336128,1.09222,52.8033
0.09024,0.10064,51.2315
0.876672,0.999136,52.3861
0.07952,0.772576,51.4586
0.088576,1.51357,51.8508
0.091744,0.472,51.7862
0.093568,0.753728,51.278
0.095072,1.03219,51.5958
0.106784,1.15104,51.6247
0.084096,0.67376,53.6681
0.092224,0.230176,50.9456
0.143712,0.935392,51.498
0.260256,0.97856,51.7757
0.082848,1.28819,51.6875
0.09456,1.05715,51.8618
0.125152,0.7848,51.3894
0.142528,1.28304,51.7108
0.079744,0.788352,51.5154
0.091872,0.92224,51.901
0.140096,0.44128,51.2275
0.07968,0.710688,51.0858
0.082752,0.970656,51.3916
0.084384,0.86304,51.4103
0.104384,1.16522,53.5341
0.085728,0.18544,51.9417
0.083872,0.092128,50.549
0.07328,1.54726,52.2708
0.09184,1.0711,51.8471
0.090816,1.16653,52.4045
0.098336,0.127584,52.8432
0.083648,0.12128,50.6464
0.12448,0.825632,51.5175
0.099392,1.06806,52.3826
0.130208,0.146176,50.8279
0.137312,1.27683,52.9142
0.074816,0.890624,51.2263
0.08016,2.05056,52.4924
0.063616,0.475744,51.846
0.09072,0.78688,51.7755
0.070304,0.479712,50.907
0.091392,0.118752,52.2452
0.066432,0.172416,51.0055
0.080064,0.986656,51.7697
0.136672,0.28272,50.9015
0.076576,1.76659,52.153
0.088992,1.02608,51.6202
0.103168,0.781376,51.2098
0.273024,1.17923,51.8642
0.088992,0.576032,52.1068
0.078848,0.204256,51.1937
0.08304,1.40998,51.8043
0.085664,1.64163,51.9931
0.090912,1.22266,51.6297
0.081568,1.06419,51.5112
0.130016,0.801312,51.8895
0.093216,0.75504,51.998
0.15888,0.109664,50.8082
0.076736,1.00128,51.3214
0.248256,0.945184,51.5721
0.067392,1.91142,52.2271
0.077696,1.69046,52.0932
0.118848,0.802464,51.9515
0.072096,0.897632,52.2154
0.094848,1.31322,51.9317
0.360672,0.796704,51.9419
0.070112,0.728,51.1415
0.075584,0.890592,51.9749
0.078944,1.09466,51.9317
0.0792,0.66352,51.188
0.075104,1.12755,51.637
0.089376,1.91219,52.2756
0.476896,0.127776,53.6706
0.070912,0.583744,51.3351
0.073792,1.11408,51.4763
0.076352,1.38579,51.7561
0.077632,0.601472,51.6032
0.094688,1.56838,51.9874
0.108864,0.439232,51.516
0.075008,1.05331,52.2651
0.085696,1.06179,51.4459
0.148544,4.29395,54.7936
0.233568,0.754016,51.6313
0.07984,0.861952,51.2199
0.087264,1.93997,52.3459
0.093312,0.610944,51.2624
0.115872,0.460384,51.3248
0.080672,0.929696,51.4984
0.161856,0.99456,51.5569
0.084064,0.901504,51.7312
0.080128,0.706944,51.3012
0.085248,0.467904,51.9381
0.25536,1.12714,52.188
0.086752,0.38672,51.2444
0.097888,0.11472,51.2079
0.096768,1.65901,51.9964
0.103392,1.58026,52.2043
0.081504,1.40016,51.746
0.0936,0.30512,51.6994
0.086016,3.97626,54.2983
0.089792,0.876224,51.4364
0.244864,1.20237,51.8895
0.084352,0.66896,51.2523
0.090304,1.90227,54.2254
0.080896,0.130528,50.4871
0.088736,1.19363,51.8385
0.085856,0.6304,51.1652
0.085184,0.113664,51.6676
0.083552,0.800672,51.1619
0.131584,0.989696,51.5185
0.085792,0.769696,52.2837
0.085312,0.110208,50.542
0.319936,1.23181,51.8356
0.13456,0.669984,51.2741
0.084768,1.00867,51.722
0.088544,0.809664,51.1958
0.078432,0.983712,51.7792
0.088096,0.124864,53.8368
0.087392,0.909184,51.4049
0.088416,0.671168,52.0664
0.088352,0.20048,51.5146
0.083968,1.02525,51.3937
0.104256,0.944448,51.2938
0.140064,0.822016,51.9227
0.095776,1.49834,52.0575
0.08784,1.66211,52.4262
0.092,0.554528,50.98
0.142176,1.04694,51.6822
0.089952,0.805312,51.6036
0.081728,1.17078,51.6099
0.092768,0.956,51.4255
0.083712,1.06198,51.5305
0.085248,1.07546,51.606
0.09344,1.16112,51.94
0.085344,1.46934,52.2344
0.09264,1.43917,51.8467
0.102176,0.469216,51.3718
0.086848,1.36205,51.8336
0.084096,1.33117,51.7034
0.145312,1.69818,52.2161
0.087232,0.461952,51.3665
0.136288,1.0401,51.5136
0.34128,0.907264,51.5526
0.07232,1.30918,52.0189
0.11888,1.76435,52.8009
0.0824,1.07302,51.5743
0.07648,2.28157,53.4542
0.074848,0.162368,50.6125
0.30064,0.940576,51.7284
0.084832,1.84,52.2134
0.093472,0.114176,51.9363
0.090624,1.20218,52.7602
0.086752,0.291872,51.0046
0.099328,1.85034,52.5331
0.26288,0.846304,51.5248
0.219648,1.27862,52.3924
0.088768,0.54544,52.4767
0.095072,0.10752,50.9908
0.088224,0.290208,50.9813
0.08864,0.984288,52.2084
0.09056,2.54726,53.0748
0.093856,1.08189,51.9446
0.095552,0.541152,50.882
0.190656,1.16496,51.7098
0.092544,1.56336,54.4211
0.086432,0.318016,50.9288
0.094272,0.925792,51.2997
0.089792,0.979104,51.5372
0.082624,1.08826,52.1676
0.085984,0.099136,50.6295
0.142944,1.06698,52.6058
0.08816,0.137344,50.5315
0.087872,1.78838,52.7374
0.091264,1.19978,51.6264
0.113184,1.37571,51.7463
0.091424,1.0039,51.5838
0.084832,0.712128,51.4115
0.151232,0.572832,51.0815
0.084672,1.18189,51.765
0.083968,0.91776,51.408
0.082144,0.968608,51.5249
0.086464,1.06883,52.2013
0.08752,0.301856,50.9408
0.08368,0.927168,51.5139
0.078656,1.27411,51.6869
0.251584,1.20803,51.7933
0.091008,1.12464,51.5375
0.082752,0.68768,51.4422
0.083616,1.09149,51.7586
0.092096,0.113248,51.3771
0.13792,0.43952,51.7883
0.0888,1.14403,52.0673
0.087808,1.07882,51.4598
0.087168,0.755136,51.9886
0.084224,0.612704,51.2416
0.085888,1.66573,52.1575
0.141472,1.1447,52.5103
0.088768,0.113408,51.2842
0.080032,0.44048,51.6983
0.108288,0.844832,55.5038
0.139968,0.118784,50.5098
0.071776,1.28211,52.6193
0.13184,0.116,50.9925
0.09024,0.915008,51.2821
0.070656,1.12858,51.5024
0.114272,1.16771,51.6386
0.073696,0.909024,51.7066
0.08128,0.750976,51.3149
0.085664,0.91072,51.6222
0.088896,1.4273,52.1709
0.081312,0.98224,51.3882
0.073024,1.01421,51.6328
0.076992,0.09248,51.6917
0.217376,1.0072,51.5846
0.08544,1.6903,52.4515
0.077952,0.530848,50.8561
0.074176,1.02122,51.3835
0.064608,1.13744,51.7707
0.094208,0.8688,51.3713
0.085888,0.92096,51.3906
0.171936,1.13587,52.1425
0.088192,0.437696,51.063
0.123584,1.19834,51.6843
0.127264,0.9888,51.5016
0.074752,1.29091,51.7237
0.093824,0.895648,51.9826
0.123552,1.29315,52.4059
0.086784,0.928672,51.322
0.150464,0.121376,52.9792
0.089824,0.133632,52.3088
0.082272,0.227328,50.6173
0.096768,1.17293,51.6883
0.157344,1.18938,52.6063
0.078144,0.096672,51.2373
0.137056,1.70502,52.1328
0.101792,0.873536,57.8068
0.077664,1.46845,52.7035
0.114272,0.594944,50.9402
0.089696,0.414528,51.8658
0.06896,0.815648,51.2984
0.090112,1.07411,51.4343
0.09552,1.11597,52.0008
0.08864,1.7208,52.68
0.100032,1.08544,52.0149
0.099232,0.755008,51.3904
0.070368,1.53696,52.2618
0.07936,1.16368,51.69
0.084416,1.54317,51.9472
0.064608,1.62099,51.9596
0.074112,1.03626,51.8689
0.083616,2.10688,52.5839
0.106592,0.118304,54.1452
0.082048,3.44618,53.9135
0.10128,1.26986,51.6718
0.225152,1.18838,53.0298
0.273088,0.122144,50.9239
0.08416,0.807872,51.1547
0.083872,0.903712,51.9019
0.076448,0.423968,51.088
0.078272,1.08026,52.6649
0.086784,0.17424,50.6634
0.100608,0.846208,51.4983
0.088192,0.9432,51.4552
0.08512,0.86432,52.857
0.197152,0.123968,51.2766
0.962944,0.623552,51.9493
0.082816,0.759584,51.599
0.089856,1.53139,52.3172
0.111552,0.843584,51.7326
0.118368,1.41779,51.8483
0.173088,1.38771,51.9969
0.092608,1.23901,52.075
0.090528,1.43802,51.8336
0.088064,1.49789,52.729
0.146048,0.753856,51.8643
0.081504,0.77616,51.2145
0.080832,1.2184,51.5517
0.153024,1.12842,51.549
0.08608,1.33078,51.8046
0.139968,1.04666,51.5033
0.088416,1.21613,51.6123
0.464064,1.35958,52.0939
0.085344,0.783072,51.5031
0.08304,1.032,51.4398
0.104416,1.46586,51.8357
0.08864,1.25686,51.5857
0.12688,1.27936,51.8886
1.26634,0.8048,53.7475
0.092768,0.149344,50.7771
0.093824,0.151584,51.3546
0.082528,0.813344,51.3066
0.690912,1.14515,52.8877
0.085248,0.353408,52.1916
0.091264,0.117376,50.816
0.1344,0.788416,51.2358
0.087808,1.3129,51.9137
0.087136,51.0888,101.442
0.280992,1.37347,52.1884
0.138944,0.751488,51.424
0.098784,0.68224,51.3971
0.081184,1.86675,52.2044
0.079936,1.20736,52.0474
0.08224,0.675552,51.0651
0.092704,0.955648,51.7736
0.108704,1.9535,52.4413
0.090848,0.995616,52.3105
0.178752,0.274848,51.5697
0.087296,0.906912,51.3454
0.078304,1.02374,51.4238
0.07968,1.93885,52.7605
0.094784,0.201536,53.6449
0.073504,1.15018,51.7158
0.084512,1.52448,52.2145
0.095008,0.190592,51.6506
0.08976,1.7783,52.1196
0.092864,0.824256,52.1046
0.08,0.676032,50.9846
0.079328,1.11296,51.9511
0.084192,1.22813,51.6472
0.064736,1.07402,51.7034
0.106112,1.14582,52.2278
0.084128,0.716064,51.138
0.072224,0.784544,52.4839
0.10624,0.097568,50.7732
0.086112,0.81424,51.8309
0.093024,0.394816,51.3045
0.096768,0.374208,50.7961
0.087968,1.03261,51.6596
0.088,1.02573,51.36
0.090368,0.884448,51.5647
0.074816,1.18912,52.1643
0.085568,1.02803,52.1015
0.2248,0.307424,50.8359
0.404192,1.17696,52.2843
0.073472,1.09322,51.5644
0.074848,0.425696,51.0737
0.08896,1.02483,52.9678
0.104416,0.106624,51.0107
0.088896,0.717504,51.3593
0.083904,0.113248,53.4007
0.082368,0.109696,51.4215
0.069024,0.517632,50.843
0.095712,0.604576,51.5069
0.106656,0.766496,52.4533
0.082752,0.091296,53.42
0.0992,0.102528,50.6583
0.087648,0.951328,51.7192
0.080832,0.666624,51.6583
0.107232,0.12352,51.0073
1.69574,2.11942,54.1182
0.086944,0.687168,52.0246
0.083072,1.87901,52.2829
0.097504,0.985952,52.1332
0.249312,2.54531,53.1696
0.074304,0.881536,55.8275
0.09904,0.11568,50.9833
0.08912,0.858944,51.9778
0.09488,0.873664,51.3326
0.093088,1.03734,51.5823
0.090304,1.47104,51.8198
0.080416,1.1361,51.6331
0.081984,1.4344,51.7835
0.082176,1.19181,51.5909
0.086912,3.29238,53.6093
0.095552,1.31882,52.2064
0.127552,0.69664,51.3559
0.080928,0.948512,51.9414
0.086304,0.480384,51.0334
0.084352,0.243776,51.6684
0.079584,1.30467,53.4602
0.077728,0.117504,50.9364
0.066144,1.19389,51.5539
0.180192,1.12576,51.7358
0.081216,0.8752,51.8686
0.096384,0.117888,51.1543
0.131136,1.68906,52.0774
0.07568,0.936096,51.2508
0.085536,1.09232,51.5428
0.093152,1.26269,51.6038
0.068128,1.18621,51.5601
0.090592,1.21696,51.5325
0.101024,2.51085,52.9543
0.093216,1.14128,51.934
0.092896,0.823296,51.7991
0.07088,0.634144,51.9203
0.086592,0.14688,52.1267
0.05888,0.841216,51.6531
0.08016,0.948128,51.3451
0.08064,0.976544,51.7881
0.092928,1.15776,51.8141
0.095616,0.12544,51.4949
0.085344,0.490752,51.1197
0.158976,0.865888,51.3319
0.158592,2.20298,53.1879
0.072928,0.132768,53.078
0.088096,1.66384,52.5266
0.082528,0.510688,51.3281
0.091584,1.81008,52.1929
0.245376,1.09075,51.7577
0.497344,1.26685,53.6588
0.092448,0.178208,50.6097
0.090432,0.845344,51.2955
0.094624,3.41674,53.9225
0.077344,1.17008,51.7884
0.08512,2.8408,53.2968
0.157088,0.889952,51.3597
0.070144,0.821248,51.4222
0.069184,4.66896,55.6683
0.122304,0.9744,51.3403
0.122592,1.41306,51.7859
0.500032,1.29696,52.1278
0.075456,1.41965,51.8044
0.071744,4.00118,54.9818
0.077792,1.01984,51.3646
0.101664,3.42749,54.1853
0.069152,1.29475,51.6371
0.255712,0.436576,51.6899
0.089792,1.76947,52.1388
0.08016,1.06995,53.2036
0.085984,0.512608,51.0701
0.095616,1.20998,51.6656
0.252416,1.38403,51.9441
0.082112,1.99664,52.3085
0.184448,1.16598,52.1156
0.087744,0.517152,51.5191
0.074176,0.540544,51.3669
0.08672,2.27776,52.8148
0.167136,0.196736,52.6626
0.090432,0.977568,51.4315
0.151808,1.32966,52.2076
0.086656,0.704576,51.9459
0.079808,0.1136,51.0973
0.07968,0.95616,51.4463
0.133472,1.02502,51.56
0.108032,1.37366,52.2985
0.082112,0.664064,50.9932
0.070368,0.500352,51.6532
0.094144,0.836128,51.86
0.089824,1.4712,53.5986
0.102272,0.127424,52.5971
0.095168,0.127296,52.0366
0.087712,0.537408,51.3271
0.093184,0.201056,51.4157
0.120992,2.28336,52.6602
0.077056,0.934752,52.7072
0.075648,0.33024,50.7662
0.125472,1.3681,51.7756
0.147424,1.18029,53.1785
0.084192,0.124608,50.9069
0.149312,1.05846,52.0798
0.089568,0.487936,52.1996
0.077088,0.087648,51.4972
0.15296,0.159648,50.6538
0.085216,1.54512,52.5464
0.077824,0.469472,50.8782
0.205888,1.18883,51.8254
0.208192,1.31197,52.8411
0.441728,1.20864,52.0713
0.089376,1.07398,51.746
0.253376,0.798656,51.433
0.085792,1.07946,51.412
0.087712,1.22093,52.4604
0.071872,0.338688,51.4778
0.09152,0.177664,51.4591
0.207712,1.70624,52.9827
0.157952,0.57888,51.0212
0.092704,0.19568,54.0737
0.07536,1.16813,51.6018
0.095296,1.33318,51.6475
0.089248,0.823392,51.2996
0.09232,0.117152,52.4132
0.07504,1.02253,56.0379
0.081664,0.103648,50.52
0.072832,1.83216,52.2464
0.106144,0.627808,52.1415
0.086048,0.112128,51.2289
0.077792,0.513888,51.0214
0.081248,1.47286,51.8999
0.065184,1.13213,52.4623
0.07568,0.102368,51.5332
0.072704,0.19696,50.961
0.088128,0.904192,51.2764
0.08624,1.6713,52.1866
0.15584,0.987328,51.5143
0.090784,1.29142,51.806
0.08688,1.65229,52.1783
0.089184,1.41536,51.7657
0.089824,0.868,51.2041
0.084736,1.06634,51.8135
0.086272,1.6968,52.3659
0.087648,0.724672,51.2125
0.09008,1.06291,51.4162
0.092992,1.09184,51.5444
0.101504,0.676768,51.8326
0.14592,1,51.5314
0.070912,0.890112,51.5518
0.078976,1.02976,52.1868
0.08416,0.867968,51.4643
0.265728,0.793632,51.5329
0.0744,0.915392,51.4004
0.135648,2.40787,52.8369
0.080448,0.586784,51.8515
0.098112,3.28758,53.8852
0.076896,0.813952,51.1565
0.468224,7.10918,58.5714
0.081056,2.17856,52.8841
0.069792,1.29562,51.9696
0.081696,0.396192,51.8117
0.087104,1.09846,51.4969
0.07152,1.16758,51.6175
0.074432,1.32886,52.1787
0.073152,0.570176,50.9237
0.083968,1.01741,51.8885
0.08464,1.29158,52.0739
0.106592,0.819136,51.4462
0.172896,0.891136,51.74
0.182624,0.996544,51.7494
0.09888,0.82608,51.1715
0.093056,1.09408,51.5267
0.082176,1.81027,52.1659
0.0624,1.12128,51.7671
0.089856,0.936448,51.285
0.124352,1.16989,51.6881
0.075072,0.50048,51.5447
0.076544,0.681088,51.0487
0.092288,0.858368,51.8589
0.078048,0.613216,51.6139
0.070752,0.719872,51.8058
0.094048,2.67622,53.0775
0.098464,1.3625,51.7774
0.074304,1.52986,51.9652
0.073408,1.43203,54.2281
0.09536,0.120608,51.0681
0.071968,1.09309,52.5164
0.069344,0.172864,50.8235
0.0712,1.13306,52.3744
0.063744,2.14845,52.5186
1.6463,0.109056,64.1327
0.077632,0.100832,52.7395
0.201024,1.24838,51.7279
0.091552,1.53155,52.3851
0.07376,1.13014,51.4595
0.104768,4.06288,55.615
0.08944,0.12304,50.7505
0.392576,1.24528,52.4625
0.088288,0.72064,51.2337
0.08352,1.04336,51.3881
0.079328,0.118528,51.9278
0.296224,1.13482,52.0714
0.072608,0.85056,51.6234
0.073248,1.0272,51.4772
0.080992,1.18013,52.0804
0.075264,1.3417,52.2133
0.073728,1.04525,51.5344
0.111232,1.32477,51.6861
0.109952,1.4465,51.8262
0.066592,1.24659,51.548
0.075936,1.24557,51.5952
0.093504,0.477376,51.4097
0.099552,0.889152,51.8439
0.104768,1.16317,52.2428
0.101152,1.10282,51.93
0.087488,0.375552,51.4761
0.086912,0.26336,50.676
0.076352,0.978752,52.0575
0.095808,1.11248,51.9526
0.10656,1.11414,51.5708
0.08288,1.83501,52.2004
0.084384,1.22931,51.8815
0.090144,0.542496,51.5816
0.086112,0.974848,51.884
0.081376,0.118848,51.378
0.086208,1.13133,51.5235
0.086848,0.240576,52.3775
0.231968,0.240928,51.0633
0.117472,0.74928,51.136
0.080672,1.08035,51.4942
0.083008,0.752672,51.8325
0.086432,0.686208,53.4958
0.087616,0.108608,50.4824
0.153216,1.26051,51.6881
0.075904,1.77299,52.6588
0.096672,0.113152,52.0904
0.073952,0.959232,51.383
0.209472,1.21277,51.7613
0.085216,1.248,51.9671
0.369664,1.63827,52.6391
0.080992,1.40643,51.75
0.173344,0.996864,51.7999
0.125024,0.208768,51.6358
0.084864,1.66762,52.1295
0.08432,0.913024,52.9949
0.089856,0.199968,50.6779
0.087904,1.14224,52.5422
0.146496,0.106976,51.8342
0.088992,0.649472,51.234
0.124672,0.789312,51.3444
0.104448,0.122912,52.7408
0.139008,0.140288,50.6372
0.09472,0.93168,52.0099
0.08912,0.825024,51.224
0.08848,1.53347,52.1696
0.090368,0.725632,51.6645
0.13584,0.936576,51.4898
0.089248,0.933504,51.4132
0.089984,1.37994,51.8541
0.08528,0.842112,51.2456
0.088704,1.03216,51.4099
0.087616,4.68013,55.6227
0.0808,0.53232,51.8272
0.094304,0.357728,50.8225
0.102912,1.9431,52.4092
0.168544,0.441728,52.5929
0.105312,0.134144,52.2548
0.093088,1.84637,53.1768
0.076736,1.20346,51.6096
0.088256,0.849472,51.4306
0.264576,1.03085,51.6009
0.0864,1.7065,52.0612
0.09072,0.977888,51.3801
0.074016,0.976128,52.5688
0.072256,1.01338,52.3404
0.087936,0.112704,50.5974
0.082016,1.35578,51.6876
0.07312,1.26522,51.6014
0.083744,0.085408,51.3685
0.075648,1.07715,51.636
0.088768,1.52093,52.0708
0.088672,0.97552,51.4719
0.072,1.15517,51.4682
0.087456,1.13315,52.7492
0.081696,0.166656,50.8218
0.080288,1.03693,52.0959
0.069984,0.511136,50.9098
0.116928,0.108448,53.9802
0.083424,0.474624,51.3391
0.09248,3.0216,53.78
0.085056,0.91088,51.3308
0.06688,1.24707,51.9175
0.071616,1.07795,51.4025
0.061856,1.14253,51.8826
0.074272,0.461696,51.8308
0.08768,0.876288,51.4798
0.28896,1.5265,52.3048
0.071712,1.04851,51.3449
0.085472,0.920032,51.5867
0.078208,0.831264,51.2656
0.137824,1.51229,52.2054
0.088896,0.629056,52.3094
0.086176,0.118688,50.5194
0.085728,1.48598,52.5178
0.076576,0.855136,51.8478
0.094592,0.249888,52.4162
0.20032,0.118976,50.8232
0.093664,1.08502,51.4874
0.09248,1.28451,51.8614
0.08048,0.896864,51.8251
0.123552,0.457472,50.8923
0.1376,0.120608,52.1644
0.082656,1.0393,51.9702
0.081376,0.951072,51.3025
0.341568,1.08634,51.7861
0.080128,0.285312,53.0556
0.159168,0.139456,50.7515
0.074656,0.976032,51.826
0.073312,0.099584,52.6991
0.073152,0.149504,51.0152
0.075264,0.45904,51.6697
0.076896,0.426368,51.3291
0.070592,0.463456,50.8497
0.093888,0.121536,52.6339
0.088384,2.32006,52.6635
0.096544,2.10717,52.5503
0.111136,1.22128,51.7465
0.34048,1.58723,52.407
0.170784,0.989888,51.5665
0.07632,0.869504,51.6038
0.070752,1.22826,51.9908
0.075456,0.599232,51.4064
0.075616,0.450048,51.348
0.064768,1.23702,51.5922
0.124096,1.61725,52.3003
0.20976,1.10928,51.7321
0.065152,0.626144,51.3048
0.141248,1.084,51.6439
0.06784,3.28122,53.6522
0.096544,1.11357,51.5025
0.083776,1.22906,51.7613
1.16106,1.03478,52.5317
0.087872,0.132704,50.6977
0.137248,1.12624,51.7508
0.079712,1.87312,52.3584
0.146016,1.7568,52.2
0.092416,1.23123,52.1198
0.080384,0.841088,52.1106
0.079136,0.500896,50.8414
0.077312,0.918432,51.8028
0.073568,0.535808,50.9661
0.082368,1.70704,52.0116
0.132832,0.938752,51.3543
0.084768,1.74726,52.6336
0.083136,1.92029,53.7266
0.12576,0.114912,50.6335
0.090496,0.847808,51.4458
0.14112,0.165024,51.898
0.061408,0.919584,51.8794
0.43216,0.377088,53.8457
0.088256,0.165536,50.5495
0.100864,1.66397,52.1446
0.080352,1.46986,51.7899
1.08131,1.03222,52.6021
0.730144,1.10317,52.653
0.075328,0.952672,51.5345
0.082912,1.16522,51.5094
0.123008,1.31437,52.6287
0.07984,4.69872,55.2333
0.09168,0.940896,51.5416
0.287584,1.62038,52.422
0.507328,1.0992,52.0867
0.082528,1.40099,51.7838
0.325952,0.5912,52.0313
0.097952,0.504288,54.5096
0.11216,0.121696,52.2558
0.083744,0.114112,53.0129
0.080608,0.191328,50.6525
0.08352,1.31965,52.4012
0.085568,1.06531,51.5134
0.088896,0.770816,52.0848
0.090112,0.799968,51.6802
0.140864,0.138784,54.247
0.094368,0.110368,50.9693
0.090144,0.90192,51.3128
0.08176,1.23245,51.8044
0.087424,0.337504,51.67
0.095744,0.096064,51.0552
0.07504,6.26243,56.5838
0.081696,1.22099,51.7747
0.090272,0.646624,51.5047
0.082336,0.51888,50.9925
0.074592,0.938368,51.6333
0.08832,0.762336,51.1412
0.085632,0.912768,51.2461
0.092,0.80624,51.4799
0.124448,1.1903,51.6868
0.09232,0.917984,51.5029
0.230848,0.789728,51.9122
0.08288,1.3433,52.9171
0.071712,0.11216,51.0958
0.084288,1.04848,51.635
0.088704,1.43344,52.4072
0.079808,0.93728,51.3205
0.06608,0.44224,51.3953
0.094112,0.562208,51.656
0.13008,0.89424,51.3036
0.085856,0.936896,51.2568
0.088064,2.09962,53.1359
0.088416,0.302688,50.6773
0.107648,1.75235,52.7571
0.10704,0.118336,50.8792
0.087968,1.25792,51.6698
0.233056,0.269088,52.377
0.086624,0.122336,50.7875
0.139616,1.13552,51.536
0.084384,0.11152,52.5998
0.076864,0.914464,51.6991
0.140448,0.905792,52.0964
0.088096,0.11344,51.0234
0.593344,1.13571,52.7656
0.089632,0.462624,50.8984
0.093056,5.20573,55.7138
0.08048,1.07885,51.6305
0.091648,1.01328,51.987
0.16912,0.72592,54.5641
0.090336,0.112224,50.8055
0.078656,0.962144,51.5202
0.115424,1.04195,51.6272
0.07984,0.168864,51.362
0.082592,0.91456,51.5853
0.091168,0.1136,51.8921
0.090688,0.886656,51.3882
0.090304,0.891648,51.2624
0.083936,1.15565,52.6534
0.23328,0.11392,51.0761
0.122048,0.477344,51.737
0.083104,0.11824,50.9722
0.085376,1.10048,51.4666
0.089248,1.0279,51.3471
0.086048,0.668832,51.5054
0.15888,1.20118,51.6042
0.111424,0.832064,51.6711
0.096576,1.54765,51.9353
0.14224,1.72666,52.8023
0.08256,2.98346,53.4656
0.083136,1.17555,51.6454
0.084896,1.60272,52.0333
0.088832,0.979392,51.752
0.084736,0.122944,51.1823
0.088128,1.30864,52.2074
0.104896,0.780608,51.6548
0.089728,0.852032,52.6429
0.090368,0.119072,50.5897
1.12614,1.13962,53.2533
0.088448,0.244,51.7004
0.216544,0.328864,50.8184
0.601952,0.904096,52.3888
0.125216,0.830112,51.2083
0.0832,0.703648,52.4883
0.07744,0.101952,51.1602
0.151168,0.262944,51.257
0.090112,0.11584,51.5241
0.098944,0.790144,51.1404
0.087136,1.03373,51.4256
0.084672,1.34893,53.7111
0.093664,0.112128,52.2159
0.071744,50.2234,101.62
0.114336,0.161984,50.6173
0.087712,1.36342,55.2165
0.077568,0.31264,50.7152
0.294848,1.2841,51.8679
0.07344,1.32144,52.2565
0.088576,1.36829,51.9777
0.080384,1.12912,52.0002
0.0824,0.95936,51.3736
0.083168,1.2592,51.7254
0.142496,0.911232,51.3397
0.092704,1.2047,52.8942
0.086976,0.181216,51.1895
0.077376,1.01891,52.0065
0.083392,1.53926,52.895
0.082528,0.640896,51.063
0.119808,1.18941,51.6476
0.097344,1.63318,52.3299
0.086304,1.05488,53.1456
0.084064,0.177792,52.2249
0.313184,0.123776,52.1778
0.085312,0.488512,52.6999
0.088512,0.251136,51.171
0.083872,0.391808,50.9421
0.089376,1.30461,51.9073
0.258784,1.87014,52.5239
0.116672,1.12339,53.0418
0.080768,0.111328,50.7959
0.075456,0.49376,50.8581
0.08368,1.69354,52.7596
0.12672,0.607904,51.0318
0.172704,1.29085,52.5983
0.079296,0.272448,51.0168
0.077536,0.72976,51.0875
0.090912,0.18272,52.3181
0.080416,0.335424,51.4425
0.07872,1.49437,52.1514
0.080864,0.456704,51.9727
0.08464,0.641632,51.3676
0.096064,1.24605,51.7196
0.459744,1.82918,53.3346
0.084448,0.180832,51.9796
0.190208,0.291744,50.8196
0.092576,0.53568,52.9028
0.24704,0.113504,50.7661
0.097824,1.11517,51.598
0.07072,0.531712,51.342
0.092448,1.05747,51.5751
0.101088,2.94858,54.4235
0.091296,0.986976,52.2628
0.10912,50.3968,100.842
0.095104,1.1681,53.3764
0.09952,0.163776,50.8945
0.089408,1.63229,51.9638
0.089184,1.39398,52.1291
0.097312,0.11328,52.9143
0.087584,0.994816,51.3847
0.097632,0.35808,52.1799
0.087712,0.592512,50.9772
0.07056,1.20627,51.5175
0.084384,1.15293,52.2077
0.093056,0.267584,50.8012
0.0976,0.896736,52.8437
0.07808,0.167296,50.9833
0.081376,0.9936,51.3533
0.07872,0.944064,51.9492
0.085888,0.886528,52.7248
0.239424,0.128,51.4512
0.094912,0.129216,54.0742
0.086976,1.02195,51.3826
0.10272,1.18538,52.4547
0.091328,1.19194,52.1677
0.084704,0.525088,51.8174
0.094592,0.508224,51.1638
0.085504,1.25798,51.6828
0.082368,1.32278,51.6761
0.097152,0.936096,51.4885
0.137632,0.695776,53.3022
0.081952,0.107296,50.4521
0.085632,1.19962,51.7265
0.0856,1.22173,52.0524
0.089312,0.323744,51.2149
0.089856,1.85325,52.4044
0.088192,0.793024,51.2154
0.09296,0.122272,52.3548
0.079776,0.959488,51.3163
0.076384,1.00438,51.4955
0.074048,0.685888,51.2803
0.090464,1.38982,51.7514
0.096576,1.16554,51.9427
0.078016,1.65933,52.8458
0.090144,0.11392,51.2867
0.084864,1.50282,52.4469
0.083456,0.109696,52.9962
0.096032,1.0279,51.497
0.094016,1.20166,52.3869
0.086112,0.127104,50.6722
0.085984,2.4167,55.0741
0.104544,0.126144,50.5623
0.08752,1.36387,51.6929
0.119968,1.3504,51.8365
0.125088,1.25178,51.8553
0.088896,0.916736,51.2765
0.066496,1.59526,52.0641
0.119744,1.3055,51.6397
0.071168,1.58042,52.3942
0.090464,0.374144,51.0426
0.091136,1.27994,51.9857
0.072512,1.38746,51.7441
0.075552,1.13894,51.4514
0.089184,1.11702,52.4879
0.210176,0.255424,50.7948
0.0872,1.01165,51.3509
0.09632,0.10992,54.496
0.098784,0.121664,52.1607
0.075072,0.684128,51.0928
0.08432,1.43398,54.0648
0.438208,0.142624,51.3823
0.410112,0.11984,51.5459
0.080224,0.920864,51.9733
0.084448,0.585472,51.0702
0.119872,1.58518,51.9999
0.280832,1.25286,52.0888
0.150944,1.75418,52.1865
0.089312,1.56909,53.3096
0.0992,0.205344,51.9847
0.103712,0.188192,51.926
0.429632,0.603328,51.4245
0.094272,1.11757,53.6964
0.086464,2.1761,52.608
0.094912,0.1864,51.9626
0.087968,0.94784,51.3355
0.083392,1.06442,51.4869
0.089184,1.63987,52.43
0.078464,1.05754,51.5826
0.080864,1.0065,51.5045
0.087456,1.01222,51.4982
0.165152,0.785664,51.7615
0.088288,0.676928,51.5094
0.10176,1.08221,51.8029
0.07984,1.11258,51.5674
0.092416,0.337952,51.475
0.10368,1.06179,52.2318
0.093696,0.108864,54.1076
0.093792,0.120544,51.3894
0.154656,0.30928,51.1072
0.091488,0.6256,51.3204
0.071776,0.167712,51.7676
0.082848,1.36886,51.7659
0.093792,1.05101,51.8854
0.098976,0.960576,51.4904
0.068224,0.848736,51.4807
0.087328,1.03354,51.4092
0.085216,1.72944,52.1862
0.082304,1.3912,52.1067
0.085312,0.527168,51.4628
0.088256,2.40042,53.0691
0.084608,0.956672,51.3576
0.107488,2.00902,52.5295
0.076672,0.8304,51.2398
0.076096,1.2215,52.0446
0.089664,1.60022,51.9515
0.129856,1.08243,53.1951
0.079744,0.111008,50.5348
0.086208,0.607264,52.7284
0.196288,0.178912,51.1329
0.424128,1.50394,52.2303
0.395776,1.048,52.7964
0.08016,0.107648,51.1372
0.14256,0.110272,50.6147
0.07584,1.48742,52.0703
0.234752,0.722912,51.2697
0.176768,0.620128,51.5501
0.058816,1.10509,51.6564
0.094688,1.1247,51.4772
0.080192,0.768416,51.6818
0.097056,1.4207,53.1648
0.100608,0.115648,50.9436
0.32272,0.85008,52.3171
0.08752,1.21978,52.0954
0.088768,0.244768,51.3612
0.25264,0.224064,51.8591
0.086304,0.829952,51.795
0.089632,0.48464,52.5279
0.09664,0.183552,50.6124
0.171328,1.47638,51.9001
0.098336,1.40227,52.1283
0.092,0.881824,51.2536
0.100096,0.12304,51.8607
0.0856,0.371712,51.4931
0.147136,0.362784,51.323
0.215424,0.477632,51.4097
0.081984,0.614432,51.3542
0.072032,0.689056,51.003
0.222432,2.00797,53.9146
0.8912,0.25744,52.4119
0.071424,1.0433,51.5507
0.09168,0.382528,51.5524
0.099008,1.56019,51.9383
0.750432,1.05997,52.8598
0.070816,0.11552,51.296
0.156736,0.778208,51.8129
0.213984,0.645056,51.5007
0.07312,0.537856,50.9396
0.087232,51.1996,101.949
0.094912,0.468288,51.4213
0.081088,1.77206,52.1458
0.087776,0.915392,52.1586
0.090208,0.440544,50.8049
0.109664,1.13453,51.718
0.073984,0.821888,51.2354
0.116064,0.93264,51.393
0.11136,0.99792,51.4462
0.086592,0.606048,52.1133
0.096,0.84128,51.4286
0.076576,1.40573,52.4848
0.087168,1.00445,51.9103
0.083616,0.202112,51.4434
0.085632,1.55008,55.6116
0.094976,0.179648,50.6814
0.160192,0.896896,51.3571
0.097152,0.215776,51.2043
0.092832,1.19875,51.6414
0.08928,0.85504,51.6157
0.090176,0.180384,51.578
0.076064,0.616064,51.0084
0.081504,1.17526,51.5187
0.083136,0.90672,52.5582
0.13536,0.216512,51.0653
0.084096,0.600256,51.479
0.084064,0.762656,51.2427
0.07712,50.4676,101.269
0.203904,1.07978,51.7164
0.065952,0.600288,51.5091
0.086464,0.985184,53.5442
0.087104,0.11328,51.2945
0.074944,0.112384,50.6298
0.369248,1.13168,51.9305
0.080416,1.2191,51.5898
0.072608,1.00179,51.9574
0.069536,0.295424,50.8172
0.088,1.0912,51.6533
0.16608,1.28829,53.1797
0.08464,0.178624,50.6976
0.078432,1.35581,52.2326
0.089344,1.67123,52.2098
0.080224,2.30384,52.9349
0.086688,1.03712,51.4115
0.170592,1.1231,51.7439
0.072704,1.27078,52.284
0.075488,0.631552,50.9974
0.07856,1.64342,52.3143
0.087264,1.06502,51.4166
0.076672,0.766624,51.2475
0.09728,1.66752,52.7191
0.091296,0.172128,51.0359
0.092224,0.964064,51.8608
0.165376,0.534336,52.4927
0.07392,0.184992,50.9821
0.077696,3.39098,53.7099
0.197408,2.1191,52.6231
0.098496,1.46237,51.9171
0.07728,0.213856,51.1329
0.086176,0.772992,51.5997
0.081504,2.64067,53.6316
0.094112,0.297568,50.9281
0.090816,2.48496,53.0957
0.0968,5.38541,56.1173
0.063648,0.9056,51.8899
0.0824,0.181216,52.4564
0.085888,0.925728,51.7227
0.073824,1.13037,51.4913
0.08,1.35386,51.7462
0.090848,2.16134,52.9714
0.077632,1.72566,54.4184
0.080832,0.1192,50.5252
0.082016,1.17568,54.6441
0.094176,0.136416,51.5833
0.078496,1.46067,52.134
0.086688,0.85056,52.2604
0.08624,0.11376,50.84
0.088544,1.25853,51.607
0.075936,1.41722,51.8963
0.116,0.163616,53.8519
0.081664,0.125696,52.3075
0.070912,0.469088,51.3715
0.063072,1.17584,51.5386
0.213248,1.3623,51.842
0.071264,2.13942,52.4726
0.083008,0.834176,51.4477
0.081664,1.34688,51.6885
0.098176,1.01069,51.5602
0.094624,0.888032,51.4104
0.084096,2.56627,54.5824
0.082016,0.144032,51.3753
0.077152,0.331264,51.3623
0.080288,0.349472,51.1797
0.089696,0.444,52.8051
0.088416,0.105792,50.519
0.08624,0.124192,53.7806
0.08976,1.86909,52.2218
0.085504,0.111488,52.0011
0.082944,1.13651,51.5238
0.136608,0.91968,51.3812
0.079456,1.03981,51.7022
0.077472,1.13136,51.5084
0.08704,1.47504,51.8925
0.079264,1.19514,51.5681
0.078848,0.78288,51.5674
0.082816,0.917856,51.2741
0.077472,0.963456,51.4362
0.076736,0.839104,51.1568
0.066464,1.08819,51.444
0.152512,0.692736,51.3411
0.160128,1.22925,52.0787
0.083456,0.605248,51.6612
0.17712,1.45379,52.2621
0.935584,1.25766,53.6619
0.089152,0.18608,50.5451
0.081792,0.982688,51.498
0.485408,1.67434,52.978
0.164736,0.593568,51.1734
0.077024,0.562944,51.0884
0.237376,1.16272,52.0198
0.130752,1.69946,53.3536
0.076384,0.1032,50.519
0.129152,0.154976,52.002
0.071968,0.65824,51.5553
0.09952,0.129472,51.5838
0.08224,0.993952,51.4136
0.067136,0.638848,51.2941
0.075232,0.626496,51.4653
0.09376,2.1623,53.0499
0.086592,0.764576,52.6851
0.088704,0.107264,50.6423
0.069152,0.709312,51.6679
0.092736,0.456064,50.7985
0.0664,0.529792,53.1651
0.0688,0.370208,50.698
0.4432,0.141568,52.7732
0.079168,1.44326,52.3094
0.084384,0.117152,51.371
0.074688,1.4112,52.6279
0.093408,0.44496,51.4631
0.061536,0.297952,50.616
0.074944,1.53808,52.6869
0.23264,1.53136,52.1225
0.066976,1.75654,52.0608
0.08144,0.121728,51.3596
0.094848,1.6127,52.064
0.131616,1.47894,51.9433
0.077504,0.833696,51.7126
0.074944,1.04854,51.4243
0.314944,1.1951,54.17
0.077024,0.1856,50.5321
0.094368,2.47053,54.1645
0.097472,0.114016,53.2363
0.11328,0.151744,50.8876
0.095232,1.10541,51.4585
0.076256,0.896928,51.5469
0.336064,0.6664,52.1907
0.124064,0.127904,51.2145
0.073568,0.73952,51.8621
0.073248,0.825536,51.2729
0.078048,0.293824,51.524
0.07648,0.903296,51.788
0.092096,0.33072,51.1367
0.092032,1.29398,51.9964
0.088992,0.810048,51.1752
0.219456,0.92176,51.8269
0.091616,0.862432,51.3057
0.088192,0.914048,52.6613
0.088256,0.115232,50.5135
0.101184,1.16429,51.5359
0.09072,1.55638,52.1258
0.11808,0.309888,51.3039
0.074848,0.732032,52.1956
0.140064,0.132064,52.655
0.134176,0.339264,51.2268
0.084512,0.368608,50.8861
0.070464,1.72253,52.1922
0.132992,1.2504,51.869
0.08656,1.60998,52.2775
0.17888,1.82893,53.2353
0.091104,0.227936,50.5454
0.103008,1.3087,51.888
0.130848,1.33056,52.0519
0.108896,0.721664,51.3848
0.067808,1.02461,52.9726
0.07408,0.134912,50.4739
0.067008,1.16138,52.1147
0.119456,1.31267,51.6892
0.06464,1.03002,52.1737
0.069824,0.087008,50.9301
0.082176,0.284224,50.8317
0.129952,0.778144,51.2863
0.08064,0.943136,53.4541
0.072704,0.189248,50.6038
0.089888,1.27949,51.7537
0.070784,4.39773,54.7503
0.084736,1.10989,51.8885
0.07872,0.870368,51.9686
0.08512,0.10416,51.7236
0.085728,0.110368,51.0548
0.075872,0.599296,51.2076
0.065664,1.13827,51.4505
0.092416,0.848992,51.4645
0.080576,0.432384,51.3865
0.125248,1.1081,51.4877
0.073984,0.155584,51.6582
0.075424,1.08035,52.2843
0.097344,0.154816,50.5932
0.085888,1.04845,51.4145
0.497472,0.8696,52.1419
0.076832,0.09552,50.9292
0.091968,1.15661,51.9727
0.12272,0.122496,52.0643
0.09504,0.597664,51.0158
0.127584,1.13098,53.8878
0.085952,0.108896,51.5696
0.103936,1.17677,52.8976
0.072224,0.09472,50.643
0.132576,2.73808,53.3129
0.073344,0.417568,51.5514
0.082048,1.00627,52.5787
0.07056,1.68893,53.438
0.148832,0.380032,51.4978
0.092096,0.253984,50.8432
0.1136,0.805312,51.7967
0.08608,1.09299,51.803
0.087232,1.20093,52.3217
0.084992,1.02246,52.3131
0.152224,0.090912,50.87
0.060192,1.07168,51.4022
0.063072,0.645792,51.8229
0.07728,2.99674,53.354
0.1224,1.52787,51.9641
0.095616,1.33178,51.8133
0.083072,2.29619,52.7715
0.08336,2.00528,52.4031
0.078016,1.98211,52.842
0.076928,0.507296,50.8292
0.0664,0.953024,51.2929
0.070976,0.97952,51.6684
0.08448,0.862848,51.4337
0.074144,0.114912,51.3848
0.068608,1.80816,52.1815
0.079296,1.16547,51.9156
0.09024,1.09082,51.8629
0.071904,0.4896,50.9969
0.178208,1.19078,52.084
0.097728,3.79725,54.6729
0.097888,1.63293,52.0921
0.084192,0.992704,51.6675
0.720096,0.899136,52.0573
0.088704,1.3359,53.1105
0.0936,0.132224,51.0922
0.087232,1.20851,52.4281
0.077664,1.71005,52.4352
0.07872,0.910624,51.4559
0.092416,0.726592,51.448
0.074272,1.05722,51.8619
0.090848,1.39014,51.8598
0.102592,4.35203,55.2009
0.157216,0.972096,52.1405
0.082112,0.095552,50.8621
0.189216,0.752864,51.8294
0.086048,1.25805,52.4594
0.076896,0.117216,50.5346
0.078976,0.664096,52.2002
0.078784,0.445056,51.5015
0.405824,0.128992,51.1749
0.095648,1.03802,51.7934
0.088288,0.916928,52.1931
0.23232,0.12992,52.4498
0.096448,0.706912,51.7404
0.078496,0.522336,52.6324
0.078976,1.64982,51.9953
0.083744,1.38074,52.2148
0.085664,1.10957,51.4465
0.07728,1.35043,51.7225
0.141824,0.509504,52.0071
0.11776,0.956256,51.7889
0.082016,0.482784,51.8164
0.094784,0.61712,51.7856
0.082304,0.158752,52.6364
1.12531,1.01053,52.5507
0.1776,0.131296,51.94
0.132896,0.499072,51.1337
0.088704,0.489664,52.8818
0.073952,0.994656,51.3716
0.075168,0.890592,51.7897
0.068032,0.427712,50.9793
0.09136,1.74835,54.8466
0.092736,0.149952,51.2423
0.092576,1.12022,51.8383
0.148032,1.14963,51.5969
0.078368,0.437728,51.4469
0.132064,0.958176,51.4955
0.077856,1.03562,51.5027
0.072064,1.94989,52.3894
0.08544,1.05267,51.463
0.09536,1.5081,51.9108
0.130336,1.152,51.842
0.082432,1.13043,52.6426
0.08128,0.319232,50.9886
0.087872,0.455968,52.8534
0.0816,0.198176,50.7713
0.091328,1.03366,52.6085
0.218528,0.37408,51.4032
0.076064,0.28672,50.9439
0.070816,1.64637,52.0125
0.089056,1.43395,53.1306
0.092672,0.122752,50.5971
0.066112,1.47936,51.8065
0.13216,0.111712,52.7302
0.076032,0.089312,50.9467
0.26528,0.662112,52.101
0.071904,0.614144,51.6009
0.073248,0.430848,51.1288
0.122016,1.78794,52.5162
0.08736,1.01226,51.4499
0.11424,0.50928,51.5969
0.09104,1.07322,52.0722
0.096768,0.627136,52.1284
0.06624,0.253824,51.3845
0.0888,0.854976,51.3648
0.08288,0.934048,51.3974
0.075968,1.56362,51.9687
0.070464,1.19482,51.9437
0.096896,0.581696,51.0387
0.081952,0.58864,51.198
0.077344,0.906816,51.6219
0.088992,0.875648,51.354
0.080352,1.09526,51.6748
0.256608,1.14435,52.2526
0.0808,0.947328,51.2781
0.085792,0.78672,52.2767
0.080928,0.124096,50.9615
0.07504,0.769504,51.0894
0.07888,1.16211,51.556
0.084224,1.05194,51.5312
0.085152,1.29046,53.0537
0.437856,3.6321,55.934
0.082112,0.613728,51.0103
0.09344,1.15821,51.5128
0.0912,1.33149,53.2364
0.109664,0.213536,51.1843
0.086784,0.84368,51.406
0.072128,1.72131,52.2008
0.077824,3.20374,53.636
0.094144,0.75632,52.341
0.077632,0.445408,50.9381
0.078304,0.618464,51.6548
0.095264,1.3393,51.6909
0.078336,1.19914,51.5604
0.080096,0.928544,51.4409
0.099904,0.897056,51.2918
0.063488,1.31312,51.7045
0.082912,1.28211,51.8989
0.082816,1.1464,51.4874
0.069504,0.146656,53.9101
0.097728,0.16512,50.5875
0.075904,1.02314,52.376
0.075264,0.507264,51.03
0.081152,0.999008,51.3815
0.238208,0.985024,51.5782
0.076064,1.19379,51.5336
0.078976,1.32333,51.6333
0.081376,1.36528,51.9387
0.073344,0.83056,51.3084
0.09632,2.32682,52.7134
0.093344,1.61834,52.7962
0.092704,2.26662,52.6436
0.09232,1.66931,52.2357
0.082624,1.27664,52.1107
0.086784,1.05286,51.9222
0.082176,0.584448,51.5572
0.095008,1.42672,52.0674
0.08016,0.854848,51.394
0.067264,1.26589,52.8542
0.09296,1.18925,51.6363
0.068608,0.821248,51.2594
0.088608,2.20214,53.2468
0.07648,1.01037,51.3368
0.137664,0.975776,51.3868
0.090112,0.839744,51.6788
0.083456,0.613984,51.6181
0.074592,0.239392,50.836
0.08272,0.167392,51.4167
0.082848,0.131808,52.0009
0.209408,0.793568,52.9001
0.091648,0.118976,50.5899
0.077024,1.13462,51.5213
0.08784,0.923168,52.0214
0.07536,0.41008,51.0525
0.112608,1.13376,52.5529
0.07552,0.115968,51.7999
0.07584,0.307136,50.6595
0.080736,1.09226,52.5293
0.079136,0.11856,51.0658
0.069696,0.946528,52.4719
0.076608,0.175456,50.7358
0.073472,1.01926,51.3987
0.092672,0.11696,51.4444
0.069632,1.02448,51.3476
0.084768,1.04157,51.4697
0.093984,2.61578,53.1991
0.083808,3.40086,54.3861
0.080928,0.421312,51.1548
0.08976,1.70176,52.816
0.089472,0.914592,52.058
0.075808,0.456896,51.1663
0.07808,0.765056,51.6244
0.400992,0.447904,52.2041
0.084512,0.794752,53.1844
0.079232,1.10413,51.9186
0.118272,0.93984,51.385
0.293184,1.5505,52.1927
0.070464,1.25702,52.1012
0.071488,0.534528,50.902
0.072384,1.06579,51.5754
0.07536,0.803328,51.5694
0.089056,1.21232,52.3363
0.075392,0.555488,50.8986
0.101088,1.11171,51.4951
0.079488,1.20483,52.8498
0.0976,0.1344,53.6715
0.085856,0.34672,50.691
0.090592,0.994624,52.0513
0.11152,0.108736,50.5164
0.095968,0.429344,51.6436
0.104352,0.730592,51.9575
0.078176,0.109888,56.3195
0.082592,0.113088,50.5189
0.087456,0.356832,51.5738
0.071872,1.76173,53.18
0.088064,0.179872,51.0101
0.081312,0.686528,51.2014
0.100928,1.17187,51.6851
0.175232,1.21574,53.5802
0.10496,0.249888,51.1971
0.089248,0.707776,51.6271
0.159456,1.55498,51.9681
0.086048,2.98986,53.4773
0.115296,1.12029,52.2133
0.0848,1.43926,52.0892
1.57418,0.952256,54.3745
0.081856,0.112608,50.7025
0.087776,1.16474,51.9251
0.079648,0.497312,50.9286
0.084064,0.92992,52.8154
0.243104,0.180256,50.951
0.183584,1.37437,51.8265
0.087424,0.928192,51.2951
0.106208,1.29149,51.7267
0.061344,0.896416,51.2715
0.084704,1.38499,51.9216
0.0672,1.08131,51.5145
0.085984,1.32035,51.6944
0.113568,1.26912,53.4029
0.076128,0.080224,51.2145
0.071872,0.583296,52.3585
0.093728,0.365248,52.0378
0.106368,0.111968,50.5298
0.133248,1.0831,51.5016
0.079584,1.33158,51.9003
0.088288,1.58285,52.709
0.07792,0.775936,51.5194
0.094688,3.06931,53.431
0.075168,1.30902,51.6594
0.074176,1.08691,52.0744
0.071584,0.715904,52.3794
0.082208,0.126624,50.4769
0.070016,1.49206,51.8783
0.08944,1.27827,51.6996
0.10096,1.10019,52.6507
0.092928,0.903808,51.2611
0.082624,2.93123,54.0268
0.126368,0.553344,50.9852
0.094208,0.113792,51.5153
0.092704,0.895264,51.9882
0.09456,0.663968,51.036
0.080224,0.792096,52.4915
0.088608,0.10432,50.8374
0.094432,0.716704,51.4853
0.076576,0.343104,50.809
0.080832,1.07114,51.4378
0.089536,0.167712,51.8462
0.062048,0.79552,52.5635
0.068576,0.22976,51.4944
0.094432,0.117632,51.2538
0.093824,1.0576,51.5087
0.084832,1.10253,51.6299
0.16976,0.9056,51.4317
0.218208,1.15779,51.6776
0.072672,0.109696,51.4694
0.084,0.953344,51.2972
0.089376,1.27434,52.3503
0.088256,0.10976,51.1709
0.085088,0.21184,50.6479
0.079488,0.54768,52.053
0.077632,0.287744,50.7153
0.076384,0.975552,52.484
0.0936,0.125664,51.3861
0.087616,0.11072,50.7944
0.092768,0.185632,51.9525
0.094624,0.183008,53.0024
0.092224,0.247072,50.7035
0.070688,1.11782,51.7164
0.086048,1.02381,51.3561
0.092992,1.3457,51.7936
0.08752,1.0441,51.5626
0.087936,1.63267,52.3623
0.074592,0.7704,51.9823
0.072672,0.22592,50.5215
0.089408,0.550752,51.5458
0.100224,1.03696,51.9604
0.253568,0.341536,51.1513
0.076384,0.790048,51.2709
0.096864,0.701568,51.3139
0.100928,0.818784,51.4826
0.094688,0.762112,51.1114
0.090144,0.783648,51.3797
0.09104,0.297472,51.7462
0.643456,0.917728,51.8687
0.090464,0.115904,51.1144
0.103584,1.05968,52.2451
0.083296,0.17472,51.5912
0.072768,1.46109,52.3213
0.074112,0.545344,51.0922
0.074496,1.04813,51.5092
0.097184,1.13898,51.7787
0.097408,0.729312,51.1901
0.092448,0.439296,51.8157
0.085216,0.792544,52.3598
0.086208,0.10752,51.8733
0.176096,0.549984,51.0279
0.089376,0.91408,52.3875
0.095232,0.708096,51.412
0.1072,0.725664,51.1964
0.064768,1.58099,52.4151
0.088896,1.61078,52.5661
0.088864,0.642272,51.1141
0.077632,0.722592,51.2987
0.093696,1.19411,51.9038
0.136512,1.04803,52.6773
0.090112,0.111456,51.5539
0.08496,0.116768,50.6036
0.083488,0.885632,51.3099
0.078432,1.04448,51.6879
0.311072,1.13757,51.8147
0.084416,0.929728,51.3695
0.087648,0.470112,51.574
0.086368,0.166848,51.5279
0.30976,0.102944,53.3827
1.87555,0.102112,53.5096
0.093152,0.253792,50.6703
0.09632,1.11555,51.8622
0.07792,0.745728,51.0913
0.1336,0.105248,53.1212
0.087936,0.132928,51.1613
0.080512,0.63888,51.6462
0.096928,0.615072,51.3887
0.106912,0.528416,52.3029
0.096224,0.091488,50.5211
0.085216,0.665568,51.2289
1.30109,0.86208,52.6814
0.105568,0.916384,51.4806
0.082112,1.20419,51.6576
0.10896,0.8368,51.8645
0.079072,0.686496,50.9989
0.092,1.19923,51.7847
0.084896,1.16845,52.4582
0.083776,0.66896,51.079
0.090272,0.95056,51.4143
0.098304,2.65059,53.0307
0.108128,1.16899,52.2096
0.082656,0.544672,50.9311
0.076288,1.63014,51.9252
0.0984,0.862208,51.9153
1.34973,0.56064,52.4271
0.091232,0.726592,51.3102
0.096064,0.77424,51.2772
0.090816,1.38922,52.2694
0.0888,1.28077,51.7748
0.095424,0.2608,52.9399
0.08128,0.676064,51.1581
0.242368,1.12899,51.6518
0.085216,1.16256,52.7871
0.08944,0.110112,52.1688
0.094144,0.151008,51.0295
0.394272,0.579584,52.2057
0.078112,0.749984,51.2589
0.077984,1.04957,51.394
0.095456,1.48672,52.3991
0.078784,0.882528,51.5773
0.079168,0.928576,51.347
0.141216,1.36058,51.7912
0.086784,0.885824,51.2992
0.07952,1.4097,51.8434
0.150208,1.01859,51.4809
0.09936,2.3615,52.7392
0.08704,0.860352,51.3325
0.08832,1.10246,51.9421
0.079968,0.463296,50.9512
0.08288,0.351872,51.5643
0.079808,0.681152,51.2024
0.109664,0.781216,51.5691
0.088832,0.853312,52.9233
0.087968,0.156832,50.6039
0.095232,0.899008,51.291
0.076768,0.811872,51.3892
0.091456,0.141536,53.583
0.092096,0.092032,51.9866
0.089088,2.18944,52.5684
0.085312,1.53075,51.8958
0.083712,1.3479,51.7448
0.130368,0.658048,51.3812
0.081088,0.144128,52.8016
0.088032,0.101504,51.1029
0.085664,0.527264,50.984
0.132608,2.13008,52.8589
0.2336,2.24163,53.6564
0.083488,0.393632,50.7529
0.112512,2.14368,52.6073
0.085024,0.637248,51.2913
0.083264,0.09472,52.5278
0.10576,0.790592,51.2079
0.08912,1.05978,51.4592
0.07904,1.36221,51.7433
0.087104,1.46755,52.7875
0.138592,0.317344,50.9528
0.0816,1.26118,52.5531
0.086624,0.154656,51.4908
0.089792,0.906976,52.665
0.08816,0.41792,51.3764
0.084928,0.458272,50.7899
0.133824,1.23805,51.6561
0.133952,1.36294,52.1772
0.08032,0.41312,51.7135
0.08128,0.673728,51.4824
0.077216,0.611808,50.9805
0.079008,1.3608,52.218
0.12848,0.840128,51.2287
0.085568,0.085664,52.8295
0.09136,0.640608,52.3447
0.092896,0.96992,51.7678
0.130816,0.563776,51.4435
0.08384,0.092704,50.8621
0.263776,1.05693,51.7002
0.085856,0.9672,52.191
0.084288,0.823136,51.2323
0.07248,1.16541,51.5623
0.078528,1.61203,52.1748
0.091968,0.614784,51.9724
0.089056,0.661536,51.1103
0.087104,0.853888,51.4925
0.088096,0.683296,51.7686
0.070464,3.4391,53.9607
0.085216,1.01472,52.4128
0.129408,0.336224,50.8079
0.268736,1.5112,54.1564
0.0856,0.187456,50.6605
0.077728,1.08886,51.4308
0.09344,0.624192,51.6252
0.091936,1.07741,52.3507
0.078464,0.477184,51.7037
0.137152,0.458816,50.9449
0.078176,1.10166,51.7549
0.084576,0.836416,51.2591
0.12912,1.58365,52.1192
0.095136,1.20474,51.6208
0.084512,0.569088,51.1177
0.086496,1.01427,51.4819
0.081152,0.884352,51.4719
0.069344,0.471104,51.177
0.077312,0.962048,51.3163
0.20896,1.06925,51.5655
0.08704,0.822688,55.7125
0.093152,0.118592,52.1026
0.079424,0.12352,51.3369
0.101152,1.00029,51.8878
0.084672,2.1264,52.8339
0.084544,0.317376,52.9988
0.255456,0.111328,51.0528
0.09328,0.816256,51.1922
0.094848,0.107104,51.4903
0.078592,1.25373,51.6042
0.075904,1.68934,52.1199
0.093088,1.8521,52.2325
0.078592,0.921248,52.9828
0.101216,0.160608,50.6939
0.091872,0.766048,51.3916
0.07904,1.19606,51.842
0.137792,0.715968,51.237
0.080384,0.918656,51.5259
0.138368,0.650112,51.4699
0.076224,0.88304,51.332
0.081024,0.858848,51.2658
0.080032,0.738336,51.9192
0.08848,0.107392,51.8574
0.082432,0.72464,51.5433
0.888416,1.60336,52.8441
0.103104,2.84877,53.3471
0.176576,1.51088,52.0645
0.086816,0.882784,51.7908
0.305152,1.31542,51.9667
0.078432,0.599456,52.1894
0.08496,0.342272,51.6802
0.197504,0.745536,51.6747
0.139648,0.083904,51.8976
0.090656,0.509632,51.6485
0.230144,0.662944,51.9725
0.089536,1.14566,51.5439
0.0824,0.83424,51.4464
0.075328,0.640384,50.972
0.086048,0.377504,51.4473
0.086464,0.689504,51.3554
0.262336,0.733344,51.2713
0.07888,1.07091,52.3464
0.137056,0.597632,51.024
0.0936,1.06042,51.9279
0.112064,1.00739,51.405
0.085312,1.03261,51.5144
0.105408,0.504032,51.6006
0.0792,0.9848,51.4328
0.077792,1.43046,51.8126
0.085024,1.36678,52.0835
0.09296,0.357664,51.1062
0.089504,0.639776,51.6789
0.210944,1.14432,53.0102
0.097472,0.126208,52.0256
0.084512,0.800544,51.1649
0.096096,1.59523,51.9996
0.163008,1.24442,51.841
0.072352,0.672768,51.3431
0.083232,1.50922,51.8703
0.091264,0.969472,51.4324
0.11216,1.8553,52.8905
0.086688,0.11904,51.3211
0.200512,1.45798,52.3678
0.103808,0.46064,50.9563
0.074976,2.41974,52.7881
0.110496,1.33523,52.5912
0.072448,0.105888,53.5896
0.081728,0.156704,51.1531
0.067424,0.10736,51.7288
0.081952,0.126432,51.4724
0.097024,1.15997,55.8873
0.091456,0.133664,51.0753
0.072992,1.05142,51.9223
0.074688,0.593088,51.0534
0.143424,1.03408,51.7423
0.072896,0.621408,51.0171
0.119776,0.14192,51.7486
0.089824,0.899296,52.2372
0.083104,0.14992,51.2177
0.085376,0.119264,51.0761
0.222176,0.347104,51.5407
0.098208,0.946656,51.5205
0.080384,0.896448,51.5399
0.078976,0.861856,51.2656
0.082592,0.885184,51.5346
0.07584,0.976736,52.0116
0.077952,1.33155,52.1569
0.078784,0.941248,51.3228
0.700864,1.55894,53.3177
0.081152,0.131296,50.4953
0.083904,0.127808,51.5457
0.089408,1.46675,52.0546
0.090496,0.852128,51.4029
0.150816,0.99616,51.8258
0.070048,0.135584,51.2958
0.19104,0.452576,51.7031
0.086016,0.464896,50.8276
0.067776,2.09357,52.4711
0.097024,51.5797,102.041
0.084384,1.34547,51.7027
0.094976,0.837952,52.6532
0.139328,0.107712,50.9268
0.08208,1.53584,51.906
0.074304,1.08022,51.4939
0.213952,1.18451,51.6802
0.076288,1.28554,52.2082
0.115296,1.02771,51.4254
0.709056,2.66317,54.0139
0.067424,1.10534,51.967
0.087296,0.657248,51.4377
0.08096,1.09891,51.505
0.079104,0.651584,51.8357
0.485824,1.1863,51.9411
0.068672,0.377792,51.7482
0.066208,0.701216,52.124
0.072864,0.336,50.6797
0.081984,1.44592,51.8021
0.07248,1.22803,51.6377
0.101056,0.13936,51.6554
0.089696,0.82624,51.5951
0.059616,0.302528,50.9442
0.0864,0.993696,51.9172
0.093952,0.974464,51.7561
0.0936,0.53312,51.911
0.08736,0.180864,50.7255
0.080512,1.17715,52.0816
0.079872,2.69958,54.2207
0.095552,0.260672,51.6074
0.096768,0.172,51.7498
2.04675,0.90992,54.6511
0.154368,0.154592,52.6331
0.087808,0.348,50.866
0.08752,1.30093,52.6365
0.087808,1.58848,52.0815
0.080096,1.0361,51.9842
0.080064,0.108096,52.4919
0.14096,0.099296,51.6049
0.07776,0.83552,51.4794
0.07488,1.28605,51.8
0.06352,1.00003,51.3588
0.083776,0.962656,51.5769
0.08144,1.06086,51.4505
0.065664,1.52595,52.7566
0.079136,0.164704,51.0598
0.082016,0.559744,51.2771
0.091296,0.891296,51.4831
0.077024,0.83104,51.2883
0.083456,1.22797,51.6433
0.092896,0.928128,51.7092
0.09136,0.145248,51.3955
0.085312,0.909856,51.2374
0.401184,1.75696,52.4647
0.069472,0.856576,52.4139
0.089184,0.138272,53.0818
0.082432,0.114624,50.9069
0.064896,0.611392,51.7692
0.090912,0.710144,51.2439
0.119904,0.94608,51.9133
0.082528,0.429504,50.8752
0.081856,0.49504,51.3751
0.079392,1.5751,52.0158
0.075456,0.930144,51.547
0.0752,1.07059,51.6625
0.088896,0.534304,52.2626
0.121472,0.148704,52.0003
0.105056,1.07398,51.4507
0.079584,1.02083,51.4938
0.092896,1.15603,51.6192
0.083424,1.45018,52.744
0.069984,1.02054,51.582
0.084448,0.720032,58.0845
0.428096,0.124,51.4796
0.118624,1.03795,51.549
0.143584,0.78304,51.257
0.081536,1.04582,51.4922
0.43344,3.9344,55.0367
0.081024,0.648896,51.745
0.074016,0.431552,50.9212
0.131456,1.39466,51.8387
0.071072,0.839328,51.1829
0.063744,0.981152,51.2749
0.06784,1.05117,51.571
0.121248,1.01741,51.3836
0.205888,0.731936,51.5158
0.074112,2.61421,53.7299
0.096448,0.529664,51.0709
0.094464,0.998336,52.2794
0.098688,0.177024,50.588
0.100128,1.35664,51.8665
0.12592,0.559808,51.7786
0.122176,1.04019,51.5565
0.0856,0.174144,53.6091
0.132064,0.113376,50.7521
0.08432,1.1455,51.4994
0.0568,1.46771,51.78
0.076704,1.14294,51.985
0.169184,1.32483,52.3373
0.101184,1.28778,51.9139
0.095808,1.00755,51.3804
0.096672,1.35203,51.7585
0.089152,0.11664,53.1
0.078496,0.862112,51.3603
0.080096,0.892448,51.3089
0.09632,0.719232,52.123
0.08512,0.116896,51.5476
0.068416,1.18902,52.2515
0.118432,0.779712,51.9745
0.079264,0.1448,51.4275
0.083744,0.8168,51.5705
0.090016,0.11296,52.188
0.090816,1.24675,51.623
0.086528,0.872704,51.8204
0.078976,1.07078,51.547
0.072352,0.504448,52.3127
0.071136,0.159168,51.2737
0.129408,1.51066,52.0119
0.132672,0.469056,51.8018
0.08768,0.883488,51.7063
0.083968,0.720576,51.0654
0.105664,1.19718,51.7084
0.075232,0.710016,51.909
0.08544,0.445408,50.9839
0.073472,0.145568,52.127
0.083232,0.286528,50.9664
0.100352,1.03251,51.4299
0.090944,1.43722,52.6517
0.098624,1.32659,51.7611
0.09968,0.996992,51.3704
0.109632,1.29046,51.6821
0.092864,0.920544,51.7188
0.079584,0.513472,51.1434
0.098432,0.799392,51.3548
0.113216,1.32781,52.5333
0.07584,0.159456,51.6023
0.084672,0.76336,51.3346
0.073504,1.16778,52.7309
0.07648,0.094656,51.3207
0.134976,0.774464,51.2727
0.17264,1.04592,52.2032
0.085152,0.2992,51.7185
0.090176,0.673408,51.1746
0.074368,0.955488,51.272
0.089344,1.79994,52.2212
0.106016,1.25658,53.0869
0.095456,0.129024,50.5872
0.093248,1.01059,54.1822
0.092128,0.112864,52.175
0.084288,0.271648,51.2944
0.090048,0.354368,50.8649
0.223936,0.98784,51.5631
0.08848,0.74784,51.3034
0.08368,0.245312,51.5498
0.091328,1.37261,51.6861
0.097984,1.8727,53.9493
0.140224,0.090624,51.3734
0.078144,0.09008,51.0051
0.099008,1.15923,51.5923
0.126528,1.55946,51.9119
0.272768,1.31197,52.5924
0.091776,0.124608,51.6814
0.093056,0.22768,51.6435
0.237824,0.591648,51.135
0.083424,2.97642,53.4954
0.090304,1.58432,51.952
0.143776,1.19936,51.6144
0.092,1.53357,51.9158
0.079392,0.100992,51.6754
0.067552,0.791456,51.21
0.083168,1.57728,52.147
0.074528,0.269408,51.0422
0.092864,0.119968,52.8159
0.2104,0.103968,51.9178
0.078496,0.291392,50.799
0.085184,0.572224,51.7925
0.112448,1.40109,53.2036
0.096192,0.172896,51.4604
0.085184,0.319328,50.8793
0.078432,1.13299,52.3549
0.091456,0.315968,50.8989
0.140992,1.39766,51.8923
0.09024,1.48864,52.0097
0.174112,0.262368,53.0115
0.077696,0.97088,51.2836
0.093664,1.20902,51.599
0.117024,1.58896,52.4068
0.088736,0.528832,55.2322
0.092512,0.123232,52.6698
0.092352,0.125696,51.7198
0.07728,0.1648,51.2042
0.076064,0.770432,51.7004
0.086784,1.12934,51.5982
0.088384,0.886496,51.8098
0.088,0.89216,51.4943
0.083456,0.776192,51.252
0.078336,0.77216,51.6481
0.09568,1.03005,51.559
0.063584,0.715904,51.1092
0.088992,1.02541,51.934
0.091872,0.17024,51.2232
0.084192,1.1647,51.5039
0.077472,1.02595,51.3711
0.097952,1.29027,51.7406
0.08368,0.95616,51.3344
0.093472,1.16019,51.5986
0.0792,0.961408,52.0644
0.090816,0.539296,50.8799
0.06784,0.636032,51.7059
0.083072,1.05584,51.6781
0.073568,0.909472,51.3982
0.101216,0.861344,51.2489
0.113824,1.07299,51.4445
0.065216,1.17526,51.6684
0.085152,1.30922,52.413
0.0584,0.509696,51.3504
0.076736,1.02115,51.4098
0.090272,0.449664,52.0313
0.072416,1.41766,52.7227
0.08656,0.475872,50.9468
0.135168,0.174272,51.5766
0.086272,1.07402,51.7632
0.07504,1.11555,51.4498
0.250368,1.19667,51.8495
0.080384,1.02998,51.3561
0.086368,0.934144,51.3339
0.09024,1.43331,53.9364
0.107104,0.124736,50.9508
0.082016,0.919104,51.5732
0.08688,0.499808,51.9723
0.101216,0.644064,51.5869
0.079648,0.464224,54.1415
0.088512,0.109472,50.4919
0.165056,2.36323,53.4017
0.095072,1.05418,51.7529
0.332416,0.52128,52.0151
0.08336,0.842592,51.7988
0.090304,1.13837,51.953
0.079968,0.460128,51.6721
0.074688,0.273824,51.0126
0.105952,0.609088,51.5976
0.089472,0.556544,52.1804
0.08336,0.19872,50.6257
0.08304,1.33053,51.6469
0.088768,1.02918,51.3772
0.091392,0.990496,52.4905
0.10432,0.136928,50.7463
0.0976,1.12797,51.7797
0.093472,1.07491,52.1247
0.09312,0.13536,52.2099
0.075072,0.726048,51.9279
0.308,0.099488,50.9497
0.090368,1.45885,51.8308
0.256544,0.998272,51.5953
0.084256,0.675328,51.2738
0.08496,2.20992,53.5918
0.06912,0.11184,51.3295
0.068608,0.1128,51.3901
0.091456,0.699136,51.8275
0.05808,0.727264,51.0892
0.077184,0.497888,51.2584
0.08416,1.11904,51.4975
0.085472,1.09222,51.4833
0.094432,1.22435,52.0252
0.138912,1.51715,52.0027
0.114848,2.0616,52.5988
0.077504,0.581024,51.8874
0.069888,0.522624,51.1546
0.0856,1.60528,52.4595
0.079808,0.451872,50.7885
0.089632,0.603232,51.5632
0.105696,1.53971,52.9492
0.0992,0.138304,50.7182
0.0896,0.948352,51.3175
0.11168,0.812576,51.5532
0.095712,1.29632,52.2944
0.085536,0.468032,51.1778
0.06352,0.94016,51.3495
0.0888,1.36896,51.9088
0.388512,0.326304,51.7075
0.09456,1.01219,52.785
0.093952,0.118656,51.4791
0.077184,1.41987,51.8862
0.088224,0.705984,51.2669
0.076576,0.625248,51.9267
0.094496,1.06717,52.031
0.080128,0.639168,51.1299
0.093888,0.895584,52.123
0.086272,0.330624,51.027
0.091904,1.00496,51.4127
0.076832,0.893344,51.441
0.088576,0.662656,51.5563
0.086016,0.9736,52.0171
0.08528,0.122048,51.8987
0.140608,0.347424,51.6961
0.078784,0.372928,51.069
0.085824,0.953376,51.6084
0.096576,1.5287,52.9152
0.093024,0.127104,50.6402
0.075712,0.930432,51.6365
0.075424,0.894304,51.4407
0.0648,1.0344,51.3846
0.055744,1.02931,51.8576
0.084544,1.07917,52.0035
0.075968,0.2912,51.1755
0.15936,1.07814,51.4979
0.091584,1.04429,52.8793
0.087328,0.177664,51.4363
0.086688,0.201536,50.966
0.07392,2.48893,53.4725
0.071488,0.411328,50.812
0.095168,1.20403,51.7689
0.104736,1.31779,51.734
0.089568,1.78643,52.8539
0.079424,2.1393,52.8654
0.082464,2.75043,53.3279
0.080864,1.04269,51.4367
0.08512,0.887264,51.4215
0.088352,0.116256,51.8562
0.081536,0.59936,51.4013
0.080288,1.21312,51.5846
0.078144,1.05242,51.4522
0.096224,0.031392,50.8862
