0,0,0,0,0,0,0,0
0.50111,-0.00504521,-0.716239,-0.234142,-2.48858,-0.00356144,1.93698,0.785195
0.554534,-0.00510463,-0.699706,-0.259801,-2.49822,-0.00356662,1.96148,0.78516
0.60529,-0.00513337,-0.682059,-0.283434,-2.50582,-0.00357176,1.98575,0.785136
0.655623,-0.00520883,-0.661972,-0.304391,-2.51053,-0.00356233,2.00961,0.785142
0.70598,-0.00522622,-0.638845,-0.32267,-2.5129,-0.0035629,2.03252,0.78514
0.756534,-0.00563597,-0.613258,-0.33792,-2.51361,-0.0035684,2.05512,0.784798
0.80725,-0.00578433,-0.586382,-0.348805,-2.51356,-0.00355681,2.07733,0.782664
0.857529,-0.00586443,-0.558361,-0.356068,-2.51334,-0.00356055,2.09976,0.777085
0.907982,-0.00583353,-0.529681,-0.359967,-2.51216,-0.00356134,2.1198,0.771032
0.958433,-0.00585484,-0.49624,-0.36209,-2.50992,-0.00355211,2.14143,0.765219
1.00893,-0.00596007,-0.461986,-0.36283,-2.50676,-0.0035552,2.1621,0.760505
1.0594,-0.00580935,-0.424517,-0.362888,-2.50132,-0.00355585,2.1844,0.758386
1.10982,-0.00560672,-0.38588,-0.363059,-2.49374,-0.00354143,2.20803,0.757003
1.16023,-0.00542713,-0.345587,-0.363186,-2.48369,-0.00354875,2.23212,0.754817
1.21082,-0.00545844,-0.304875,-0.36322,-2.4709,-0.00353815,2.25444,0.750997
1.26133,-0.00543736,-0.263424,-0.363418,-2.45538,-0.0035211,2.274,0.742285
1.31173,-0.00544208,-0.223573,-0.363486,-2.4371,-0.00352207,2.28898,0.727425
1.36214,-0.00542816,-0.184353,-0.36379,-2.41501,-0.00351693,2.29719,0.707543
1.4126,-0.00543797,-0.147044,-0.364663,-2.39038,-0.00351593,2.30015,0.684783
1.46305,-0.00533527,-0.111616,-0.366635,-2.36338,-0.00279335,2.30028,0.661285
1.51369,-0.00524012,-0.0756144,-0.370643,-2.33385,0.00162858,2.30031,0.638328
1.56414,-0.00516235,-0.0407544,-0.377175,-2.3053,0.0121574,2.3004,0.616376
1.61483,-0.00536242,-0.00484994,-0.385526,-2.27498,0.0264757,2.30062,0.592099
1.66529,-0.00564842,0.0312056,-0.39529,-2.24347,0.045136,2.30075,0.563273
1.71572,-0.00579359,0.0659969,-0.406837,-2.21407,0.0672055,2.30085,0.530872
1.7667,-0.00581316,0.100413,-0.42006,-2.18541,0.0930902,2.30111,0.495137
1.8172,-0.00631802,0.131797,-0.433291,-2.16101,0.120696,2.30149,0.456605
1.86779,-0.00749933,0.161181,-0.446178,-2.14131,0.152779,2.30204,0.416067
1.9181,-0.00875099,0.188317,-0.457306,-2.1271,0.184571,2.30274,0.376552
1.9685,-0.00989083,0.214171,-0.467185,-2.11773,0.214523,2.30356,0.336806
2.0188,-0.0107231,0.23664,-0.474849,-2.11439,0.239095,2.30412,0.301254
2.06922,-0.011724,0.257403,-0.479914,-2.11449,0.256963,2.30439,0.272164
2.11965,-0.0123579,0.275616,-0.482541,-2.11519,0.267912,2.30438,0.252646
2.17003,-0.0128345,0.291429,-0.483286,-2.11533,0.269473,2.30438,0.243129
2.22044,-0.0128452,0.306637,-0.483181,-2.11523,0.269483,2.30443,0.242986
2.27081,-0.0128042,0.319777,-0.482948,-2.11539,0.269498,2.30445,0.242972
2.32122,-0.0128111,0.33157,-0.482755,-2.11545,0.269503,2.30448,0.242952
2.37154,-0.0128549,0.341705,-0.48261,-2.11647,0.269525,2.30446,0.242935
2.42186,-0.0128216,0.350674,-0.48201,-2.11854,0.269529,2.30446,0.24293
2.47229,-0.0128245,0.358642,-0.48077,-2.12088,0.269536,2.30447,0.242934
2.52253,-0.0128748,0.366635,-0.47872,-2.12272,0.269648,2.30447,0.242915
2.57297,-0.0128061,0.374821,-0.476507,-2.1234,0.269836,2.30448,0.242905
2.62327,-0.0129139,0.382347,-0.473043,-2.12433,0.270198,2.30449,0.242901
2.67364,-0.0128834,0.390031,-0.468843,-2.12483,0.270205,2.3045,0.242898
2.72404,-0.0128978,0.398167,-0.464548,-2.12516,0.270211,2.3045,0.242893
2.77452,-0.0128851,0.405866,-0.459805,-2.12593,0.270221,2.30451,0.24288
2.82507,-0.0128597,0.412981,-0.454912,-2.12715,0.270235,2.30453,0.24287
2.87545,-0.0129652,0.420361,-0.449697,-2.12906,0.270242,2.30453,0.242866
2.92587,-0.0128881,0.427115,-0.444214,-2.13064,0.270245,2.30455,0.24286
2.97634,-0.0129228,0.432743,-0.437825,-2.13245,0.270251,2.30651,0.242851
3.0268,-0.012874,0.436856,-0.431107,-2.13499,0.270263,2.31226,0.242844
3.07727,-0.012897,0.440094,-0.42418,-2.13812,0.270272,2.3209,0.242839
3.12766,-0.0128543,0.442418,-0.417627,-2.14145,0.270325,2.3298,0.242842
3.17811,-0.0125484,0.445027,-0.411698,-2.14411,0.270938,2.33805,0.242833
3.2284,-0.0122801,0.447942,-0.407138,-2.14632,0.273749,2.3489,0.242837
3.27886,-0.0122743,0.450985,-0.403527,-2.14857,0.282156,2.36406,0.242833
3.32944,-0.012271,0.454399,-0.400665,-2.15085,0.297045,2.38411,0.242833
3.37981,-0.0122703,0.457683,-0.398567,-2.15313,0.318068,2.40449,0.242843
3.43034,-0.0122715,0.461139,-0.396957,-2.15559,0.342535,2.42192,0.242836
3.48067,-0.0122705,0.464872,-0.395937,-2.15764,0.364161,2.43374,0.24283
3.53108,-0.0123035,0.469667,-0.395432,-2.15943,0.380976,2.44444,0.242834
3.58147,-0.0123693,0.474589,-0.395253,-2.15988,0.387447,2.45093,0.242842
3.63185,-0.0126152,0.479161,-0.394343,-2.16012,0.38796,2.45543,0.242838
3.68233,-0.012904,0.483209,-0.391971,-2.16044,0.388036,2.45928,0.242841
3.73301,-0.0130286,0.486726,-0.388319,-2.16071,0.388071,2.46245,0.242846
3.78347,-0.0130382,0.490099,-0.383706,-2.16085,0.388144,2.46399,0.242842
3.83385,-0.0129821,0.493069,-0.378619,-2.16099,0.388191,2.46429,0.242843
3.88437,-0.0128568,0.495773,-0.373085,-2.16117,0.388215,2.46431,0.242844
3.93473,-0.0127439,0.498124,-0.367845,-2.16133,0.388244,2.46432,0.242843
3.98513,-0.0121306,0.500176,-0.362768,-2.16152,0.388248,2.46432,0.242842
4.03563,-0.0110432,0.501372,-0.359031,-2.16181,0.388257,2.46432,0.242845
4.08604,-0.00979684,0.501603,-0.356373,-2.16199,0.388269,2.46433,0.24284
4.13653,-0.00916418,0.501599,-0.35397,-2.16203,0.388272,2.46433,0.242836
4.18685,-0.00916195,0.501547,-0.351907,-2.16222,0.388283,2.46437,0.242836
4.2373,-0.00917797,0.501596,-0.350596,-2.1636,0.388304,2.46442,0.242837
4.28783,-0.00919341,0.501905,-0.349826,-2.16632,0.388335,2.46455,0.242835
4.33833,-0.00925002,0.502968,-0.349614,-2.16983,0.388458,2.4646,0.242836
4.38898,-0.00928239,0.50442,-0.349601,-2.17308,0.388458,2.46462,0.242839
4.43958,-0.00927057,0.50544,-0.349522,-2.17576,0.388465,2.46463,0.242833
4.48991,-0.00927419,0.505814,-0.349487,-2.17747,0.388468,2.46462,0.242843
4.54034,-0.00927738,0.505915,-0.34942,-2.17788,0.388471,2.46462,0.24284
4.5908,-0.00927966,0.505912,-0.349402,-2.17795,0.388478,2.46463,0.242841
4.64116,-0.00927224,0.505912,-0.349381,-2.17834,0.388482,2.46463,0.242842
4.69146,-0.00927586,0.505912,-0.34937,-2.17936,0.388485,2.46465,0.242836
4.74179,-0.00927788,0.505936,-0.349363,-2.181,0.388493,2.46467,0.242833
4.79209,-0.00927419,0.506034,-0.349347,-2.1831,0.388496,2.46468,0.242841
4.84248,-0.00927991,0.506155,-0.349222,-2.18558,0.388504,2.46468,0.24284
4.89304,-0.00927059,0.506335,-0.349162,-2.18826,0.388508,2.46499,0.242835
4.94343,-0.0092792,0.506617,-0.349126,-2.19064,0.388515,2.46775,0.242832
4.99377,-0.00927586,0.506972,-0.349037,-2.19255,0.388529,2.47501,0.242837
5.04408,-0.00927418,0.507354,-0.348992,-2.1941,0.388529,2.48419,0.242836
5.09443,-0.0092792,0.507835,-0.348993,-2.19533,0.388532,2.49031,0.242842
5.14508,-0.00926953,0.508336,-0.348951,-2.19652,0.388534,2.49465,0.242838
5.19547,-0.0092622,0.508663,-0.348917,-2.19808,0.38854,2.50031,0.242831
5.24577,-0.00927099,0.508783,-0.348891,-2.2001,0.388545,2.50714,0.24284
5.29646,-0.00927578,0.508848,-0.348747,-2.20272,0.388558,2.5162,0.24284
5.34685,-0.00927432,0.508907,-0.34866,-2.20574,0.388563,2.52688,0.242839
5.39726,-0.00928239,0.50895,-0.348563,-2.20889,0.388568,2.53673,0.242838
5.44762,-0.00927419,0.508974,-0.348461,-2.21201,0.388571,2.54487,0.242835
5.49794,-0.00929344,0.509026,-0.348428,-2.21463,0.388578,2.54759,0.242835
7.01397,0.0196581,0.203421,-0.345684,-2.29668,0.19615,2.33415,0.314618
7.0643,0.0197017,0.169524,-0.345417,-2.29291,0.162443,2.27719,0.333763
7.11474,0.0200708,0.13326,-0.344574,-2.28941,0.125263,2.21973,0.347124
7.16509,0.021478,0.0952335,-0.343225,-2.28331,0.086994,2.16088,0.358862
7.21554,0.0233074,0.0582609,-0.340898,-2.27382,0.0545678,2.10791,0.370021
7.26599,0.0246449,0.0183206,-0.336515,-2.25957,0.0294934,2.05586,0.381701
7.31629,0.0260525,-0.0198119,-0.331497,-2.24278,0.0172753,2.00842,0.389982
7.36668,0.0265246,-0.0558462,-0.32506,-2.22261,0.0157269,1.9642,0.402179
7.41697,0.0266095,-0.0896065,-0.318054,-2.19868,0.01544,1.92507,0.413531
7.46729,0.0267525,-0.121698,-0.31054,-2.17287,0.0153529,1.88905,0.42302
7.51841,0.0268538,-0.151871,-0.301482,-2.1442,0.0152853,1.85751,0.428243
7.56917,0.0269923,-0.178452,-0.291253,-2.11451,0.0152315,1.83349,0.429512
7.61949,0.0272213,-0.201347,-0.279841,-2.08574,0.015189,1.81495,0.429542
7.67,0.0272591,-0.222491,-0.266796,-2.05875,0.0151812,1.80011,0.429573
7.72045,0.0272223,-0.240547,-0.252247,-2.03571,0.0151771,1.78684,0.429595
7.77093,0.0273869,-0.25516,-0.23625,-2.01637,0.0151887,1.77737,0.429613
7.82135,0.0278472,-0.26772,-0.219453,-2.00213,0.0151934,1.77565,0.429621
7.87178,0.0281868,-0.276561,-0.201362,-1.99094,0.0151793,1.77566,0.429641
7.92217,0.0287111,-0.282558,-0.182331,-1.98371,0.0151907,1.77576,0.429668
7.97257,0.0291687,-0.285631,-0.161656,-1.98028,0.015192,1.7759,0.429686
8.02298,0.0300704,-0.285932,-0.140181,-1.97936,0.0151959,1.77611,0.429695
8.07366,0.0313235,-0.284238,-0.117729,-1.97938,0.0151971,1.77625,0.429717
8.12408,0.0332434,-0.281534,-0.0947143,-1.97941,0.0154393,1.77682,0.429873
8.17471,0.0358081,-0.278066,-0.0707835,-1.97865,0.0157569,1.77719,0.432407
8.22566,0.0387289,-0.273345,-0.0453686,-1.97614,0.0158149,1.77746,0.441823
8.27597,0.0416592,-0.26776,-0.0191499,-1.9712,0.0158165,1.77749,0.458429
8.32628,0.0441282,-0.261741,0.00639645,-1.96459,0.0158046,1.77735,0.482248
8.37668,0.0466029,-0.253876,0.033294,-1.95433,0.0158096,1.77699,0.515075
8.42723,0.0484846,-0.244869,0.0588627,-1.94176,0.0158073,1.77693,0.552946
8.4776,0.0499189,-0.233368,0.0848554,-1.92668,0.0158166,1.77685,0.595876
8.52807,0.0507411,-0.219351,0.110076,-1.90939,0.0158097,1.77681,0.638856
8.57897,0.0516138,-0.201889,0.134801,-1.88965,0.0158106,1.77678,0.679481
8.6293,0.052243,-0.182069,0.158342,-1.86847,0.0157871,1.77677,0.715535
8.67986,0.0530887,-0.159193,0.181602,-1.84453,0.0157912,1.77667,0.748889
8.73024,0.0541932,-0.134691,0.203473,-1.81897,0.0157947,1.77656,0.780638
8.78071,0.0552916,-0.107787,0.224687,-1.79073,0.0158043,1.77656,0.811992
8.83109,0.0563714,-0.0795384,0.243936,-1.76083,0.0157943,1.77662,0.840952
8.88172,0.057488,-0.0482668,0.262084,-1.72869,0.0158039,1.77678,0.866408
8.93233,0.0588351,-0.015597,0.278632,-1.69619,0.0158005,1.77722,0.882125
8.98277,0.0595467,0.0189456,0.294385,-1.66275,0.0157734,1.77743,0.888547
9.03308,0.0602555,0.0528573,0.309197,-1.62987,0.0157039,1.77753,0.888599
9.08339,0.060871,0.0870831,0.322608,-1.59769,0.0156275,1.77754,0.888619
9.13417,0.0617501,0.122277,0.334863,-1.56509,0.0156255,1.77775,0.888627
9.18462,0.0631975,0.156442,0.345084,-1.53452,0.0156397,1.77785,0.888653
9.23507,0.0645146,0.189006,0.354266,-1.50646,0.0156051,1.77859,0.888676
9.28542,0.0659337,0.220988,0.362377,-1.48017,0.0151877,1.77994,0.888732
9.33593,0.069228,0.250792,0.367608,-1.45733,0.0122719,1.78347,0.888804
9.38627,0.0740774,0.276779,0.370189,-1.43874,0.00573341,1.79144,0.888817
9.43667,0.0802122,0.299537,0.370049,-1.42441,-0.00454884,1.80121,0.88882
9.48705,0.0858347,0.319054,0.370079,-1.41397,-0.0174759,1.811,0.88883
9.53762,0.0917575,0.336615,0.370108,-1.40875,-0.0303548,1.82219,0.888843
9.58797,0.0973607,0.353047,0.370115,-1.40857,-0.0448373,1.83824,0.888856
9.64094,0.103823,0.370125,0.370072,-1.40862,-0.0620479,1.85876,0.88887
9.69127,0.110035,0.387139,0.370092,-1.4083,-0.0755365,1.88279,0.888876
9.74169,0.116282,0.405288,0.370184,-1.40839,-0.0871551,1.91036,0.888885
9.7921,0.121756,0.421908,0.370235,-1.40843,-0.0942068,1.93376,0.888881
9.84278,0.126639,0.438277,0.370456,-1.40836,-0.0959293,1.94883,0.888882
9.89321,0.130926,0.453662,0.370523,-1.40811,-0.0962132,1.95249,0.888891
9.94362,0.135176,0.468612,0.370501,-1.40804,-0.0963258,1.95254,0.888893
9.99403,0.139434,0.4837,0.370517,-1.40811,-0.0964164,1.95254,0.888893
10.0444,0.142912,0.496687,0.370814,-1.40822,-0.0965174,1.95252,0.888897
10.0948,0.145574,0.510203,0.371115,-1.40842,-0.0966826,1.95253,0.888898
11.3827,0.14934,0.354534,0.350929,-1.40856,-0.0976109,1.70922,0.888989
11.4333,0.150097,0.328688,0.339143,-1.40837,-0.0976335,1.68653,0.888996
11.4841,0.150173,0.303438,0.325721,-1.40817,-0.0976403,1.67525,0.888981
11.5345,0.150012,0.279719,0.310866,-1.40794,-0.0976465,1.67251,0.88899
11.5854,0.149873,0.257433,0.294248,-1.40725,-0.0976522,1.67238,0.88899
11.6357,0.149324,0.237344,0.276386,-1.40667,-0.0976679,1.6724,0.888986
11.6863,0.148038,0.219394,0.257065,-1.40646,-0.0976887,1.67237,0.88899
11.7368,0.146538,0.202172,0.233818,-1.40602,-0.0976945,1.67238,0.888986
11.7872,0.14479,0.186786,0.207648,-1.40594,-0.0977146,1.67238,0.888991
11.8377,0.142698,0.172877,0.178419,-1.40573,-0.0977226,1.67239,0.888989
11.8884,0.141367,0.161143,0.146236,-1.40516,-0.0977762,1.6724,0.888993
11.9388,0.140814,0.152239,0.112826,-1.40462,-0.0978219,1.6724,0.88899
11.9892,0.140654,0.146337,0.0784781,-1.404,-0.0978382,1.6724,0.888995
12.0397,0.140761,0.142664,0.0449436,-1.40355,-0.0978555,1.67241,0.888996
12.0901,0.140481,0.140921,0.00723805,-1.40331,-0.0979248,1.67241,0.888992
12.1406,0.140271,0.140865,-0.0288546,-1.40353,-0.0979519,1.67241,0.888991
12.1912,0.139733,0.140963,-0.0638522,-1.40441,-0.097989,1.67239,0.888997
12.2417,0.139449,0.14126,-0.0997404,-1.40548,-0.0980227,1.67247,0.888999
12.2922,0.139227,0.141844,-0.134386,-1.40651,-0.0980388,1.67262,0.888998
12.3427,0.13841,0.142866,-0.169043,-1.40751,-0.0980783,1.67273,0.888997
12.393,0.137912,0.144525,-0.202662,-1.40854,-0.0981296,1.67281,0.888996
12.4434,0.137472,0.146991,-0.236397,-1.40978,-0.0981376,1.67281,0.88899
12.4938,0.137105,0.149759,-0.269022,-1.41248,-0.0981491,1.67283,0.888994
12.5445,0.136367,0.152627,-0.301393,-1.41741,-0.0981903,1.67299,0.888996
12.5948,0.135795,0.155174,-0.331852,-1.42533,-0.0981826,1.67358,0.888997
12.6454,0.135114,0.157611,-0.361294,-1.4363,-0.0981672,1.67541,0.888989
12.6957,0.134245,0.161047,-0.38862,-1.44781,-0.0981005,1.68139,0.888743
12.7465,0.13317,0.165742,-0.414828,-1.46089,-0.0972542,1.69761,0.886823
12.797,0.13205,0.172039,-0.43903,-1.47543,-0.0937378,1.72387,0.880013
12.8475,0.130817,0.180034,-0.46236,-1.49247,-0.0845204,1.76078,0.868233
12.8979,0.129547,0.190294,-0.483729,-1.51036,-0.0655813,1.80324,0.852697
12.9483,0.128432,0.202263,-0.503846,-1.52921,-0.0377834,1.84934,0.831772
12.9987,0.127589,0.215609,-0.522329,-1.54778,-0.0042779,1.89562,0.807091
13.049,0.126396,0.230525,-0.538689,-1.56563,0.0339782,1.93933,0.779239
13.0996,0.124483,0.248036,-0.554124,-1.58237,0.0757734,1.97783,0.743724
13.15,0.121079,0.26572,-0.567354,-1.59548,0.118172,2.00885,0.70102
13.2005,0.116361,0.284805,-0.578562,-1.60639,0.160621,2.03349,0.650383
13.2512,0.111221,0.304813,-0.58823,-1.61403,0.197661,2.04739,0.59543
13.3016,0.105947,0.325796,-0.596905,-1.61862,0.230558,2.05509,0.542755
13.3519,0.100201,0.345945,-0.603418,-1.62053,0.256774,2.05574,0.499325
13.4023,0.0942159,0.365848,-0.607685,-1.62222,0.276251,2.05576,0.469012
13.4527,0.0872338,0.386463,-0.609352,-1.62358,0.286942,2.05575,0.452406
13.503,0.081204,0.406548,-0.609856,-1.62461,0.288628,2.05574,0.449793
13.5534,0.0766151,0.425536,-0.610399,-1.62578,0.288676,2.05575,0.449779
13.6042,0.0735099,0.4435,-0.611,-1.6265,0.288679,2.05575,0.44977
13.655,0.0718673,0.459813,-0.611367,-1.62877,0.288686,2.05574,0.449762
13.7054,0.0714366,0.473476,-0.612143,-1.63302,0.288696,2.05574,0.449748
13.7558,0.0717264,0.484082,-0.61273,-1.6402,0.288697,2.05575,0.449737
13.8062,0.071757,0.491765,-0.613271,-1.64974,0.288691,2.05577,0.449717
13.8566,0.0718001,0.497245,-0.614121,-1.66151,0.288693,2.05575,0.449717
13.907,0.071721,0.501156,-0.615377,-1.67308,0.288694,2.05575,0.4497
13.9574,0.0716524,0.504608,-0.616667,-1.68429,0.288698,2.05578,0.449693
14.0078,0.0718383,0.506022,-0.617884,-1.69714,0.288705,2.05591,0.449671
14.0583,0.0717654,0.506289,-0.619651,-1.71125,0.288712,2.05592,0.44966
14.1086,0.0717565,0.506309,-0.622043,-1.72392,0.288718,2.05597,0.449641
14.1591,0.0717532,0.506265,-0.625284,-1.73629,0.288724,2.05598,0.44962
14.2094,0.0715427,0.506108,-0.628234,-1.74988,0.288776,2.05608,0.449608
14.2603,0.0711867,0.506075,-0.629414,-1.76536,0.289147,2.05617,0.449596
14.3107,0.0710991,0.506031,-0.628923,-1.78205,0.290837,2.05621,0.449572
14.361,0.0711647,0.506085,-0.627062,-1.79957,0.298398,2.05629,0.449552
14.4116,0.0711002,0.506108,-0.623516,-1.8181,0.312549,2.05667,0.449552
14.462,0.0710005,0.506091,-0.618231,-1.83611,0.33013,2.05703,0.449567
14.5124,0.0710655,0.506113,-0.61174,-1.85494,0.351753,2.05707,0.449605
14.563,0.0710939,0.506139,-0.604692,-1.87313,0.375831,2.05721,0.4505
14.6134,0.0715345,0.506338,-0.597514,-1.89117,0.402804,2.05786,0.454522
14.6639,0.0719533,0.506518,-0.590678,-1.90763,0.42854,2.05997,0.460106
14.7145,0.0719941,0.506591,-0.58381,-1.92264,0.454919,2.06219,0.464157
14.765,0.0718941,0.506769,-0.577177,-1.93538,0.481579,2.06477,0.465403
14.8155,0.0718973,0.50704,-0.570278,-1.9459,0.509947,2.06741,0.465399
14.8659,0.0719063,0.506966,-0.563378,-1.95483,0.540114,2.07184,0.465377
14.9165,0.0717921,0.507084,-0.556116,-1.96313,0.574345,2.07831,0.465371
14.9669,0.0717448,0.507052,-0.54869,-1.97087,0.61258,2.088,0.465363
15.0173,0.0717974,0.507057,-0.5402,-1.97862,0.653236,2.09845,0.465367
15.0678,0.0718163,0.507145,-0.531946,-1.98576,0.692841,2.10756,0.465369
15.1184,0.0717005,0.507121,-0.523456,-1.99213,0.730194,2.1174,0.465363
15.1689,0.0717699,0.507171,-0.514094,-1.99807,0.762046,2.13066,0.465363
15.2193,0.0718896,0.507356,-0.50467,-2.00343,0.786765,2.14626,0.465361
15.2696,0.0721329,0.507901,-0.495869,-2.0083,0.802951,2.16375,0.465366
15.32,0.0729762,0.509253,-0.486895,-2.01276,0.815588,2.18235,0.46538
15.3704,0.0734115,0.510352,-0.477354,-2.01743,0.821227,2.20291,0.465456
15.4213,0.0734936,0.511643,-0.466988,-2.02204,0.824181,2.22513,0.468234
15.4717,0.073463,0.513653,-0.456099,-2.02567,0.826932,2.24664,0.476205
15.5222,0.0733204,0.515823,-0.445448,-2.02911,0.82975,2.26727,0.486324
15.5726,0.0734026,0.518792,-0.434837,-2.03118,0.830214,2.28709,0.49733
15.6232,0.0733826,0.522852,-0.424617,-2.0315,0.830329,2.30464,0.507601
15.6748,0.0734586,0.526971,-0.414675,-2.03173,0.830428,2.3239,0.521751
15.7252,0.0734333,0.531161,-0.404392,-2.03178,0.830509,2.34148,0.535085
15.7757,0.0733492,0.535262,-0.394624,-2.03193,0.830578,2.35782,0.547576
15.8268,0.0735133,0.539155,-0.385245,-2.03197,0.830609,2.37147,0.561306
15.8776,0.073844,0.543278,-0.377033,-2.03201,0.830632,2.38134,0.571085
15.928,0.0738569,0.547358,-0.370173,-2.03208,0.830651,2.3882,0.575974
15.9783,0.0739986,0.551209,-0.364625,-2.0322,0.830661,2.39271,0.576818
16.0286,0.0742494,0.555009,-0.360458,-2.03226,0.830677,2.39455,0.576886
16.0791,0.0742465,0.55842,-0.35687,-2.03245,0.830693,2.39517,0.576927
16.1299,0.0742153,0.560701,-0.353651,-2.03279,0.830746,2.39551,0.576967
16.1803,0.0742271,0.562059,-0.350863,-2.033,0.83085,2.3957,0.577007
16.2308,0.0742343,0.56249,-0.348643,-2.03305,0.830914,2.3958,0.577032
16.2812,0.0742346,0.562528,-0.346747,-2.03304,0.831248,2.39584,0.577044
16.3317,0.0742237,0.562541,-0.345384,-2.03305,0.832875,2.39601,0.577063
16.3821,0.0742196,0.562538,-0.344141,-2.03305,0.836444,2.39617,0.577085
16.4325,0.0741754,0.562633,-0.342683,-2.03305,0.841886,2.39628,0.5771
16.4829,0.0741993,0.563031,-0.341115,-2.03306,0.847947,2.39638,0.577114
16.5333,0.0741761,0.563979,-0.33954,-2.03308,0.85333,2.39661,0.577132
16.5838,0.0742032,0.565427,-0.337832,-2.03307,0.855889,2.39766,0.577159
16.6344,0.0742243,0.567075,-0.336302,-2.03309,0.856317,2.40033,0.577178
16.6847,0.0742587,0.568952,-0.335184,-2.03307,0.856613,2.40447,0.577204
16.7351,0.0742286,0.571576,-0.334424,-2.03293,0.856773,2.4085,0.577208
16.7855,0.0741871,0.574867,-0.333724,-2.0327,0.857012,2.41377,0.577219
16.8358,0.0741261,0.57884,-0.33258,-2.03269,0.857304,2.4223,0.577233
16.8862,0.0739994,0.583422,-0.330358,-2.0328,0.85741,2.43383,0.577256
16.9367,0.073997,0.58807,-0.327118,-2.0329,0.857559,2.44747,0.577265
16.987,0.0740126,0.592736,-0.323191,-2.0329,0.857644,2.46123,0.57728
17.0375,0.0739791,0.597428,-0.318859,-2.03291,0.857721,2.47523,0.577297
18.2696,0.0755869,0.50805,-0.347196,-2.14297,0.676465,2.50966,0.578592
18.32,0.075556,0.488681,-0.355085,-2.1573,0.653177,2.50725,0.578622
18.3704,0.075567,0.467769,-0.362941,-2.17104,0.634318,2.50168,0.579555
18.4209,0.0755612,0.446005,-0.370886,-2.18262,0.619659,2.49073,0.581844
18.4712,0.0755041,0.423134,-0.378824,-2.19217,0.607905,2.47435,0.585965
18.5216,0.0754098,0.399747,-0.38681,-2.19843,0.59435,2.44763,0.589859
18.5722,0.075441,0.37496,-0.39486,-2.20285,0.577597,2.41333,0.594029
18.6227,0.0756464,0.350495,-0.403375,-2.20457,0.556579,2.37348,0.596506
18.6735,0.0756119,0.325,-0.412122,-2.20484,0.530026,2.32924,0.596902
18.7239,0.0756533,0.297932,-0.420229,-2.20488,0.498229,2.28589,0.597271
18.7743,0.0756708,0.269627,-0.427446,-2.205,0.464151,2.2474,0.599309
18.8246,0.0754788,0.239464,-0.433364,-2.20484,0.428995,2.21357,0.605392
18.8749,0.0754182,0.208261,-0.437216,-2.20344,0.392747,2.1816,0.61994
18.9253,0.0750197,0.178469,-0.438595,-2.19947,0.356795,2.14942,0.642002
18.9759,0.0751267,0.147926,-0.438606,-2.19396,0.322611,2.11438,0.670056
19.0263,0.0753565,0.117103,-0.438276,-2.18751,0.292101,2.07685,0.70194
19.0768,0.0755975,0.0859687,-0.437898,-2.17843,0.264336,2.0351,0.735388
19.1271,0.0763089,0.0553766,-0.437456,-2.16646,0.242204,1.98973,0.769962
19.1774,0.0774672,0.0272978,-0.436428,-2.15213,0.225389,1.94363,0.802601
19.2281,0.0784082,0.00207576,-0.434143,-2.13553,0.215328,1.89965,0.831063
19.2784,0.0790914,-0.0235962,-0.430279,-2.11364,0.210748,1.85418,0.858275
19.3291,0.079578,-0.0457327,-0.425513,-2.08971,0.210113,1.8146,0.88126
19.3798,0.0802079,-0.0647039,-0.419935,-2.06349,0.209927,1.78274,0.901408
19.4302,0.0808912,-0.0823519,-0.412584,-2.03494,0.209778,1.75832,0.917863
19.4805,0.0813466,-0.0963446,-0.40349,-2.00524,0.209641,1.74347,0.927971
19.5309,0.081744,-0.107806,-0.392531,-1.97419,0.209542,1.73637,0.930529
19.5813,0.0826726,-0.116448,-0.380011,-1.9442,0.209475,1.73497,0.930552
19.6317,0.0836649,-0.122957,-0.365802,-1.91539,0.209401,1.73496,0.93057
19.6821,0.0853061,-0.127261,-0.348465,-1.88784,0.209352,1.73496,0.930581
19.7326,0.0875229,-0.129548,-0.330616,-1.86311,0.209316,1.73496,0.930592
19.7831,0.091025,-0.130886,-0.311265,-1.84109,0.20929,1.73497,0.930602
19.8336,0.0961273,-0.131762,-0.290754,-1.8223,0.209273,1.73505,0.930621
19.8842,0.102289,-0.132584,-0.270053,-1.80775,0.209278,1.73505,0.930627
19.9346,0.107673,-0.133323,-0.248459,-1.79637,0.209276,1.73512,0.930628
19.9852,0.113331,-0.133849,-0.226588,-1.78808,0.209274,1.73538,0.930648
20.0355,0.118855,-0.134055,-0.205249,-1.783,0.209277,1.73715,0.930656
20.0861,0.124168,-0.13396,-0.183104,-1.78004,0.209272,1.74202,0.930659
20.1364,0.130119,-0.133616,-0.160964,-1.7785,0.209266,1.75132,0.930672
20.1869,0.137145,-0.132767,-0.138006,-1.77809,0.209268,1.7627,0.930679
20.2373,0.144427,-0.131078,-0.114273,-1.77809,0.209277,1.77772,0.930686
20.2877,0.151491,-0.128137,-0.0897918,-1.77806,0.209274,1.79603,0.930706
20.338,0.157966,-0.123577,-0.0643918,-1.77793,0.209268,1.8213,0.93072
20.3884,0.16257,-0.117667,-0.0393855,-1.77769,0.209272,1.85066,0.930737
20.4389,0.165572,-0.109952,-0.0145993,-1.77718,0.209275,1.88366,0.930754
20.4893,0.167615,-0.0998024,0.00957285,-1.77699,0.209266,1.91716,0.930795
20.5396,0.169331,-0.0884912,0.0324867,-1.77661,0.209287,1.94824,0.930825
20.5909,0.170463,-0.0753027,0.0547297,-1.77561,0.209274,1.97741,0.930868
20.6413,0.170828,-0.0600144,0.0766987,-1.77282,0.20927,2.00258,0.930927
20.6916,0.171454,-0.0420901,0.0975782,-1.76742,0.20927,2.02488,0.930945
20.742,0.17241,-0.022014,0.11701,-1.75914,0.209242,2.04635,0.930979
20.7923,0.173325,0.000453001,0.134346,-1.74713,0.20923,2.06268,0.931001
20.8427,0.173975,0.0251066,0.150871,-1.732,0.209195,2.07586,0.931036
20.8931,0.174537,0.0508183,0.165147,-1.71309,0.209166,2.08093,0.931047
20.9435,0.175229,0.0768072,0.177661,-1.69185,0.209044,2.08195,0.931066
20.994,0.17638,0.103592,0.187707,-1.66923,0.207215,2.08197,0.931085
21.0443,0.177091,0.12969,0.19618,-1.64677,0.205766,2.08201,0.931096
21.0948,0.177304,0.155564,0.203549,-1.62535,0.203782,2.08204,0.931102
21.1451,0.177341,0.179759,0.2098,-1.60744,0.200629,2.08206,0.931119
21.1955,0.177695,0.202934,0.215311,-1.59149,0.192784,2.08211,0.931122
21.246,0.178728,0.224983,0.219447,-1.57821,0.181602,2.08212,0.931142
21.2963,0.180392,0.244954,0.222809,-1.56744,0.167416,2.08212,0.931161
21.3467,0.182659,0.264253,0.225593,-1.55893,0.15058,2.08223,0.931163
21.3972,0.18592,0.282269,0.22726,-1.55294,0.135229,2.08225,0.931163
21.4476,0.190395,0.299885,0.227943,-1.54893,0.120919,2.08225,0.931179
21.4979,0.195679,0.315789,0.228148,-1.54702,0.107931,2.08226,0.931172
21.5484,0.201035,0.330682,0.228234,-1.54681,0.0985382,2.08233,0.931174
21.5987,0.206159,0.344261,0.228459,-1.54689,0.094004,2.08491,0.931183
21.6493,0.210711,0.357242,0.228763,-1.54684,0.0931694,2.09403,0.931184
21.6997,0.215029,0.370034,0.229049,-1.54682,0.0930458,2.11147,0.931189
22.939,0.232588,0.267144,0.197887,-1.54725,0.0923879,2.05573,0.931291
22.9893,0.232849,0.242862,0.184327,-1.54679,0.0923911,2.04265,0.931292
23.0399,0.233336,0.218689,0.168152,-1.54628,0.0923769,2.02994,0.931287
23.0902,0.233713,0.196169,0.150396,-1.54564,0.0923705,2.02058,0.931296
23.1406,0.233756,0.174445,0.130596,-1.54524,0.0923663,2.01098,0.931296
23.1909,0.233431,0.153224,0.108607,-1.54504,0.0923638,2.0019,0.9313
23.2422,0.232642,0.133547,0.0843471,-1.54471,0.0923574,1.99499,0.931306
23.2926,0.231442,0.115991,0.0579351,-1.54434,0.0923585,1.99116,0.931312
23.3431,0.230178,0.100852,0.0298651,-1.54367,0.0923614,1.99102,0.931315
23.3935,0.229106,0.0888741,-0.00141424,-1.54262,0.0923598,1.9911,0.931316
23.4438,0.228499,0.0794471,-0.033848,-1.54145,0.0923484,1.99119,0.931322
23.4942,0.227701,0.0729814,-0.0674921,-1.5402,0.0923265,1.99121,0.931322
23.5449,0.227088,0.0692889,-0.102292,-1.53937,0.0923246,1.9912,0.931326
23.5952,0.226855,0.0678979,-0.136595,-1.53888,0.0923202,1.99119,0.931329
23.6457,0.226344,0.0681685,-0.171908,-1.53895,0.0922993,1.99118,0.931338
23.6962,0.226136,0.0686622,-0.206617,-1.53943,0.0923029,1.99119,0.931346
23.7467,0.226132,0.0691117,-0.242161,-1.54053,0.0922955,1.99118,0.931353
23.7972,0.225694,0.0700093,-0.277432,-1.54171,0.0922853,1.99116,0.93136
23.8475,0.225545,0.0715176,-0.314114,-1.54258,0.0922855,1.99116,0.931359
23.8979,0.225192,0.0734992,-0.350138,-1.54352,0.0922758,1.99117,0.931366
23.9482,0.224971,0.0749314,-0.386349,-1.54593,0.0922711,1.99117,0.931373
23.9987,0.224549,0.0762542,-0.422173,-1.54862,0.092236,1.99117,0.931374
24.049,0.22401,0.0765435,-0.456326,-1.55291,0.0922154,1.99116,0.931375
24.0995,0.223185,0.076228,-0.488809,-1.55866,0.0922137,1.99118,0.93138
24.1499,0.222459,0.0759334,-0.518325,-1.56581,0.092214,1.99123,0.931378
24.2003,0.221623,0.0758412,-0.546386,-1.57373,0.0922131,1.99123,0.931382
24.2508,0.220973,0.0758659,-0.572073,-1.58137,0.0922073,1.99122,0.93139
24.3012,0.22047,0.0758453,-0.595717,-1.58842,0.092209,1.99121,0.931389
24.3517,0.219932,0.0758886,-0.61786,-1.59445,0.092208,1.99119,0.931387
24.4024,0.219768,0.0758311,-0.638851,-1.59913,0.0922088,1.99119,0.931394
24.4531,0.219616,0.0758072,-0.658754,-1.60299,0.0922081,1.9912,0.931387
24.5035,0.219519,0.0757891,-0.678359,-1.60633,0.0922053,1.99119,0.931389
24.5539,0.219574,0.0757219,-0.697176,-1.60885,0.0922054,1.9912,0.931394
24.6043,0.219576,0.0756751,-0.716206,-1.61178,0.0922039,1.9912,0.931392
24.6547,0.219414,0.0755371,-0.734203,-1.61536,0.0922012,1.99121,0.931398
24.7051,0.218816,0.0751999,-0.749796,-1.61992,0.0922035,1.9912,0.931402
24.7555,0.21823,0.0742606,-0.762979,-1.62719,0.0922026,1.99134,0.931395
24.8059,0.217532,0.0728263,-0.773157,-1.63846,0.0922007,1.99136,0.931412
24.8562,0.217192,0.0714245,-0.781362,-1.6546,0.0921977,1.99153,0.931408
24.9067,0.217163,0.0706493,-0.788967,-1.67596,0.0921801,1.99187,0.931408
24.9572,0.216792,0.0705088,-0.79522,-1.7014,0.0921612,1.9921,0.931412
25.0076,0.21639,0.070956,-0.800013,-1.72978,0.0921747,1.99431,0.931418
25.0581,0.216032,0.0714094,-0.803018,-1.75803,0.0922667,2.00159,0.931409
25.109,0.215926,0.0719527,-0.804968,-1.78587,0.0927614,2.01807,0.931411
25.1594,0.215976,0.0724986,-0.806409,-1.81295,0.092966,2.03999,0.931979
25.2098,0.215963,0.0732866,-0.807881,-1.83876,0.0929506,2.06327,0.934283
25.2604,0.215943,0.0743625,-0.80945,-1.86468,0.0929397,2.08871,0.942169
25.3109,0.215908,0.0758079,-0.81047,-1.88987,0.092939,2.11545,0.957452
25.3613,0.215915,0.0778714,-0.810961,-1.91519,0.0929348,2.14254,0.979738
25.4117,0.215887,0.0810349,-0.811277,-1.93916,0.0929399,2.16804,1.00999
25.4621,0.215913,0.0855637,-0.811356,-1.96155,0.0933612,2.19136,1.04567
25.5126,0.215874,0.0924243,-0.811273,-1.98628,0.0955779,2.21559,1.09316
25.5632,0.215906,0.100724,-0.81094,-2.00956,0.0987189,2.2366,1.13949
25.6137,0.21592,0.111069,-0.810361,-2.03235,0.102674,2.25558,1.18638
25.6641,0.21614,0.122332,-0.809955,-2.0528,0.106283,2.27256,1.22938
25.7144,0.216781,0.135007,-0.809885,-2.07146,0.108942,2.28602,1.27138
25.7649,0.217401,0.148222,-0.809682,-2.08731,0.112009,2.2982,1.31122
25.8153,0.217426,0.16255,-0.80875,-2.10096,0.115444,2.30693,1.35049
25.8658,0.217407,0.177087,-0.807401,-2.11041,0.118246,2.30961,1.3865
25.9163,0.217194,0.192661,-0.805118,-2.11668,0.121708,2.30959,1.42337
25.9667,0.217295,0.207736,-0.802831,-2.11968,0.129934,2.30961,1.462
26.0172,0.217595,0.22304,-0.801041,-2.12109,0.139359,2.30961,1.50173
26.0676,0.217791,0.237699,-0.799685,-2.12122,0.150243,2.30961,1.53728
26.118,0.217971,0.250372,-0.798783,-2.12176,0.15339,2.30961,1.55769
26.1685,0.218065,0.260945,-0.798284,-2.12236,0.153543,2.30961,1.56018
26.2188,0.218159,0.26976,-0.798139,-2.12327,0.153539,2.30961,1.5602
26.2692,0.218162,0.275263,-0.79827,-2.12592,0.153542,2.30963,1.56023
26.3195,0.218156,0.278525,-0.79844,-2.12936,0.153548,2.30962,1.56024
26.3703,0.217852,0.28008,-0.797296,-2.13012,0.153572,2.3101,1.56025
26.4206,0.217603,0.280214,-0.794524,-2.12919,0.153613,2.31315,1.56025
26.471,0.217957,0.280033,-0.79193,-2.12928,0.153674,2.31347,1.56026
26.5218,0.2188,0.280108,-0.790324,-2.13163,0.15373,2.31348,1.56026
26.5727,0.218903,0.280306,-0.788703,-2.13492,0.15375,2.31348,1.56084
26.6736,0.218877,0.284287,-0.787829,-2.1382,0.154858,2.31239,1.5901
26.724,0.218843,0.289516,-0.787503,-2.13781,0.157335,2.31157,1.63362
26.7744,0.218527,0.297827,-0.786375,-2.13673,0.160887,2.31164,1.69012
26.8249,0.217823,0.308083,-0.783131,-2.1347,0.166217,2.312,1.74912
26.8753,0.217108,0.319808,-0.777012,-2.13189,0.172269,2.31209,1.80217
26.9257,0.216696,0.331861,-0.768659,-2.12703,0.180357,2.31221,1.84222
26.9761,0.216608,0.344896,-0.759157,-2.12101,0.195863,2.31228,1.8725
27.0264,0.216744,0.359437,-0.748512,-2.11354,0.219352,2.31229,1.89536
27.0769,0.216885,0.376036,-0.738244,-2.1054,0.251473,2.31234,1.90985
27.1273,0.217339,0.39465,-0.729248,-2.09529,0.292262,2.31235,1.91626
27.1778,0.217809,0.415032,-0.721885,-2.08363,0.338761,2.31232,1.91715
27.2282,0.218305,0.437415,-0.716746,-2.06974,0.388632,2.31232,1.91715
27.2784,0.218724,0.461868,-0.71351,-2.05388,0.439251,2.31235,1.91715
27.3292,0.21882,0.487424,-0.712071,-2.03654,0.48498,2.31235,1.91715
27.3796,0.218384,0.512848,-0.711441,-2.01886,0.521755,2.31237,1.91714
27.4299,0.217354,0.537963,-0.711,-2.00033,0.547903,2.31235,1.91711
27.4804,0.215954,0.562822,-0.710802,-1.98122,0.562781,2.31235,1.91702
27.5308,0.214634,0.586689,-0.710638,-1.9626,0.568677,2.31236,1.91688
27.5813,0.213425,0.609532,-0.710194,-1.94415,0.570133,2.3124,1.91689
27.6318,0.212641,0.63017,-0.709857,-1.92735,0.570389,2.31251,1.91689
27.6822,0.212555,0.648943,-0.709671,-1.913,0.570414,2.31258,1.91689
27.7325,0.212674,0.665473,-0.709302,-1.90162,0.570474,2.31291,1.91689
27.783,0.21282,0.679932,-0.708748,-1.89298,0.570743,2.3132,1.9169
27.8335,0.212895,0.692632,-0.707821,-1.88665,0.571936,2.31343,1.9169
27.884,0.213025,0.702149,-0.706705,-1.88275,0.577436,2.3135,1.9169
27.9343,0.212944,0.710551,-0.705106,-1.88077,0.584739,2.31392,1.91689
27.9849,0.212994,0.717227,-0.702969,-1.88051,0.595452,2.31648,1.91689
28.0352,0.213017,0.723667,-0.700656,-1.88041,0.61116,2.3242,1.9169
28.0856,0.213065,0.729639,-0.698704,-1.88034,0.628671,2.33209,1.91689
28.1361,0.213088,0.735489,-0.697539,-1.8802,0.645007,2.33888,1.9169
28.1864,0.213081,0.740447,-0.697196,-1.88016,0.660253,2.34448,1.91689
28.2372,0.213032,0.744041,-0.697133,-1.88013,0.668049,2.34568,1.91689
28.2876,0.21302,0.74665,-0.696949,-1.88009,0.67218,2.3457,1.9169
28.3381,0.212997,0.748957,-0.696619,-1.88004,0.672567,2.34573,1.91689
28.3885,0.212929,0.751212,-0.695706,-1.87999,0.672841,2.34576,1.91689
28.4388,0.212941,0.753551,-0.694592,-1.87989,0.672929,2.34578,1.91689
28.4893,0.212929,0.756563,-0.693526,-1.87963,0.673044,2.34581,1.91689
28.5396,0.21293,0.759271,-0.692252,-1.87959,0.673129,2.34692,1.9169
28.5899,0.212945,0.761508,-0.690846,-1.87959,0.67317,2.34935,1.91689
28.6402,0.212923,0.763315,-0.689669,-1.8796,0.673192,2.35219,1.91689
28.6905,0.212954,0.764439,-0.688845,-1.87958,0.673237,2.35441,1.91689
28.7411,0.212963,0.765748,-0.688463,-1.87945,0.673262,2.35547,1.9169
28.7914,0.212939,0.767474,-0.688324,-1.87945,0.673498,2.35558,1.91689
28.8417,0.212955,0.769128,-0.688193,-1.87969,0.673519,2.35561,1.91689
28.892,0.212951,0.771056,-0.688172,-1.87969,0.673527,2.35567,1.91689
28.9423,0.21295,0.772992,-0.688146,-1.87965,0.673541,2.35573,1.9169
28.9926,0.212945,0.775076,-0.688137,-1.87946,0.673551,2.35585,1.91689
29.0431,0.212949,0.777524,-0.688118,-1.87934,0.673566,2.35619,1.9169
29.0935,0.212951,0.780376,-0.688094,-1.87928,0.673589,2.35708,1.91689
29.1439,0.212923,0.783461,-0.68784,-1.87926,0.673604,2.35951,1.9169
29.1944,0.212889,0.786156,-0.687109,-1.87929,0.673619,2.36374,1.91689
29.2449,0.212903,0.788214,-0.686083,-1.87928,0.673627,2.36833,1.9169
29.2954,0.212921,0.789234,-0.684945,-1.87931,0.673636,2.37145,1.91689
29.346,0.212909,0.789392,-0.683927,-1.87934,0.673642,2.37268,1.91688
29.3974,0.212891,0.789383,-0.682919,-1.87936,0.673644,2.37296,1.91689
29.4477,0.212896,0.789384,-0.681924,-1.87941,0.673649,2.37308,1.9169
29.4981,0.213017,0.789408,-0.681276,-1.87986,0.67365,2.37319,1.91689
29.5485,0.213052,0.78942,-0.681135,-1.88103,0.673655,2.37337,1.9169
29.5989,0.213039,0.789409,-0.681172,-1.88315,0.67367,2.37382,1.9169
29.6492,0.21304,0.789436,-0.681309,-1.88607,0.673683,2.3742,1.91689
29.6996,0.213017,0.789445,-0.681655,-1.88892,0.673689,2.37454,1.91689
29.75,0.213004,0.789432,-0.68199,-1.89127,0.673702,2.37483,1.91689
29.8005,0.21301,0.789442,-0.682385,-1.89281,0.67371,2.37491,1.91689
29.8509,0.212996,0.789453,-0.682789,-1.89351,0.673724,2.37493,1.91689
29.9012,0.213022,0.789435,-0.683004,-1.89357,0.673726,2.37495,1.91689
29.9515,0.213094,0.789419,-0.683107,-1.89385,0.673732,2.37498,1.91689
30.0019,0.213104,0.78939,-0.683251,-1.89501,0.673741,2.3751,1.91688
30.0524,0.213164,0.789394,-0.683358,-1.89744,0.673754,2.3754,1.91645
30.1028,0.213204,0.789376,-0.683607,-1.90092,0.67376,2.3757,1.9139
30.1532,0.213211,0.789392,-0.684088,-1.90537,0.673763,2.37589,1.90845
30.2036,0.213216,0.789379,-0.684867,-1.90964,0.673773,2.37615,1.90084
30.254,0.213187,0.789264,-0.685882,-1.91366,0.673783,2.37657,1.89137
30.3044,0.213186,0.789005,-0.687104,-1.91641,0.673795,2.37709,1.88286
30.3548,0.213209,0.78827,-0.688423,-1.91808,0.673831,2.37733,1.87348
30.4052,0.213377,0.78704,-0.689862,-1.92008,0.673853,2.3774,1.86646
30.4556,0.213855,0.785574,-0.691582,-1.9229,0.673868,2.37742,1.85756
30.5062,0.214354,0.783838,-0.69329,-1.92623,0.673879,2.37743,1.84738
30.5565,0.214288,0.781715,-0.694388,-1.92908,0.673887,2.37745,1.83495
30.6068,0.214139,0.77888,-0.694839,-1.93234,0.673891,2.37745,1.8248
30.6579,0.214112,0.774912,-0.694815,-1.93635,0.673905,2.37746,1.81445
30.7083,0.214193,0.770313,-0.694837,-1.94012,0.673927,2.37745,1.80762
30.7589,0.214475,0.76566,-0.694851,-1.94253,0.673928,2.37746,1.80111
30.8093,0.215225,0.76038,-0.694862,-1.94396,0.673933,2.37745,1.79717
30.8597,0.216215,0.754543,-0.694861,-1.94435,0.673944,2.37744,1.79705
30.91,0.217555,0.749274,-0.69479,-1.94436,0.673948,2.37739,1.79702
30.9603,0.218838,0.744638,-0.694792,-1.94438,0.673951,2.37696,1.79699
31.0107,0.219741,0.740295,-0.694819,-1.94437,0.673958,2.37696,1.79698
31.0612,0.220095,0.736182,-0.694767,-1.94443,0.673966,2.377,1.79697
31.1116,0.220099,0.731873,-0.694815,-1.94533,0.673972,2.37703,1.79695
31.1622,0.220094,0.727535,-0.694895,-1.94801,0.673981,2.37703,1.79694
31.2129,0.220136,0.723201,-0.694868,-1.95303,0.673993,2.37623,1.79693
31.2635,0.220126,0.718247,-0.694833,-1.96031,0.673997,2.37497,1.79692
31.3139,0.220192,0.712074,-0.69483,-1.96966,0.674003,2.37492,1.79691
31.3643,0.220195,0.705232,-0.694842,-1.98049,0.674004,2.37519,1.7969
31.4147,0.220131,0.698824,-0.694889,-1.99141,0.674006,2.37524,1.79689
31.4655,0.220151,0.691925,-0.694878,-2.00187,0.674011,2.37535,1.79688
31.5158,0.220108,0.684675,-0.694913,-2.01117,0.67402,2.37566,1.79687
31.5663,0.22012,0.679696,-0.694994,-2.01809,0.674052,2.37583,1.79685
31.6167,0.220104,0.677551,-0.69516,-2.0223,0.674072,2.37595,1.79683
31.6674,0.220126,0.676996,-0.694937,-2.02554,0.674089,2.37624,1.79681
31.7178,0.220146,0.676822,-0.694461,-2.02773,0.674096,2.37655,1.79677
31.7681,0.220344,0.676657,-0.694372,-2.02825,0.674103,2.3767,1.79674
31.8185,0.220457,0.67603,-0.694392,-2.0284,0.6741,2.37676,1.79672
31.869,0.220483,0.67541,-0.694398,-2.02851,0.6741,2.37675,1.79671
31.9194,0.220491,0.674975,-0.694393,-2.0289,0.674098,2.37676,1.79671
31.9698,0.220492,0.674594,-0.694401,-2.02975,0.674106,2.37676,1.7967
32.0202,0.2205,0.674236,-0.694427,-2.03067,0.674114,2.37679,1.79669
32.0705,0.220581,0.673913,-0.694439,-2.03145,0.674121,2.37682,1.79666
32.1211,0.220821,0.673101,-0.694439,-2.03242,0.674123,2.37684,1.79665
32.1714,0.221183,0.671371,-0.694444,-2.03386,0.674124,2.37683,1.79665
32.2225,0.221603,0.668604,-0.694441,-2.03612,0.674121,2.37682,1.79664
32.2729,0.222266,0.663853,-0.694408,-2.03985,0.674122,2.37679,1.79664
32.3232,0.223531,0.657159,-0.694456,-2.04496,0.674127,2.37677,1.79663
32.3736,0.225131,0.64992,-0.694513,-2.051,0.674129,2.37678,1.79663
32.4241,0.226902,0.642759,-0.694551,-2.05818,0.674127,2.37678,1.79663
32.4745,0.228402,0.636578,-0.694555,-2.06513,0.674128,2.3768,1.79662
32.5249,0.229066,0.632832,-0.694588,-2.07059,0.674131,2.37677,1.79661
32.5753,0.229107,0.63181,-0.694565,-2.07337,0.674133,2.37675,1.79662
32.6256,0.229091,0.631939,-0.694522,-2.07437,0.674133,2.37677,1.79661
32.676,0.229089,0.631958,-0.694488,-2.07457,0.674135,2.377,1.79661
32.7264,0.229094,0.631952,-0.694502,-2.07451,0.674136,2.37741,1.7966
32.7771,0.229091,0.632116,-0.694515,-2.07431,0.674135,2.37744,1.7966
32.8277,0.229096,0.632794,-0.694533,-2.07364,0.674138,2.3775,1.7966
32.8781,0.2291,0.63426,-0.694543,-2.07224,0.67414,2.37751,1.7966
32.9285,0.229111,0.636313,-0.694514,-2.07081,0.674139,2.3775,1.7966
32.9789,0.229092,0.639021,-0.694522,-2.06936,0.674142,2.3775,1.7966
33.0296,0.229095,0.642618,-0.694514,-2.06714,0.674154,2.37749,1.79661
33.0799,0.229088,0.648074,-0.694564,-2.06304,0.67417,2.37753,1.7966
33.1303,0.229144,0.653501,-0.69453,-2.05963,0.674172,2.37759,1.7966
33.1807,0.229156,0.658056,-0.694529,-2.05695,0.674177,2.37827,1.7966
33.2315,0.229204,0.661674,-0.694499,-2.05456,0.674194,2.37948,1.7966
33.2819,0.229231,0.665017,-0.694493,-2.05176,0.674194,2.38092,1.7966
33.3322,0.229231,0.668164,-0.694199,-2.04891,0.674204,2.38248,1.7966
33.383,0.229253,0.670492,-0.693476,-2.04633,0.674203,2.38313,1.7966
33.4335,0.229239,0.671081,-0.692535,-2.04427,0.674204,2.38313,1.79661
33.4839,0.229198,0.671237,-0.691878,-2.04166,0.674206,2.38313,1.79725
33.5343,0.229183,0.671271,-0.691021,-2.03909,0.674206,2.38314,1.79937
33.585,0.229191,0.671265,-0.689792,-2.03721,0.674208,2.38315,1.80267
33.6354,0.229181,0.671243,-0.688344,-2.03653,0.674205,2.38316,1.80833
33.6858,0.229172,0.671363,-0.687047,-2.03652,0.674206,2.38316,1.81428
33.7362,0.229176,0.671764,-0.685989,-2.0365,0.674208,2.38316,1.81791
33.7868,0.229175,0.672766,-0.685159,-2.03642,0.674211,2.3832,1.81904
33.8372,0.229198,0.674597,-0.684885,-2.03623,0.674216,2.38329,1.81906
33.8876,0.229218,0.677093,-0.68483,-2.03573,0.67422,2.38387,1.81905
33.938,0.229212,0.680183,-0.684847,-2.03415,0.674231,2.38479,1.81904
33.9884,0.229253,0.683536,-0.68484,-2.03185,0.674255,2.38687,1.81904
34.0389,0.229279,0.6866,-0.684638,-2.02955,0.674256,2.38963,1.81904
34.0893,0.229341,0.688234,-0.68419,-2.02835,0.674257,2.39271,1.81904
34.1398,0.229434,0.68845,-0.683938,-2.02822,0.674257,2.39386,1.81904
34.1902,0.229451,0.688362,-0.683924,-2.0287,0.674263,2.39389,1.81904
34.2411,0.229654,0.687963,-0.683892,-2.0314,0.674272,2.39414,1.81904
34.2916,0.229861,0.687741,-0.683852,-2.03632,0.674288,2.39451,1.81904
34.3421,0.229921,0.687804,-0.683616,-2.04395,0.674294,2.39495,1.81904
34.3927,0.229905,0.688031,-0.683406,-2.05329,0.674292,2.39505,1.81904
34.4431,0.229825,0.688452,-0.683331,-2.06162,0.6743,2.39509,1.81903
34.4937,0.229766,0.688968,-0.68325,-2.06722,0.674303,2.39509,1.81895
34.544,0.229783,0.689105,-0.683103,-2.06913,0.67431,2.39508,1.81879
34.5948,0.230209,0.688512,-0.683056,-2.06908,0.674311,2.39509,1.81872
34.6456,0.231173,0.686923,-0.682974,-2.0689,0.674312,2.39508,1.81872
34.696,0.232421,0.684467,-0.68288,-2.06863,0.67431,2.39508,1.81872
34.7465,0.233571,0.682247,-0.682831,-2.06824,0.67431,2.39508,1.81872
34.7971,0.234268,0.681438,-0.682596,-2.06817,0.674324,2.3951,1.81872
34.8475,0.234465,0.681862,-0.682065,-2.06838,0.674327,2.3951,1.81872
34.8979,0.234449,0.682497,-0.681206,-2.06881,0.674326,2.39511,1.81872
34.9483,0.23446,0.683299,-0.680253,-2.06888,0.674327,2.39511,1.81873
34.9988,0.234463,0.68397,-0.679238,-2.06889,0.674327,2.39511,1.81873
35.0492,0.234492,0.684258,-0.678255,-2.06888,0.674325,2.39511,1.81873
36.2443,0.235575,0.680394,-0.678401,-2.07394,0.671581,2.39509,1.8138
36.2952,0.236912,0.671877,-0.679908,-2.07832,0.664169,2.39509,1.80659
36.3455,0.238283,0.658705,-0.681534,-2.08429,0.652751,2.39507,1.79678
36.396,0.239205,0.642488,-0.683147,-2.09117,0.637886,2.39505,1.79034
36.4464,0.239583,0.622834,-0.684664,-2.0979,0.620873,2.39505,1.78818
36.4971,0.239592,0.600045,-0.68587,-2.10466,0.602794,2.39498,1.78809
36.5474,0.239679,0.575046,-0.687045,-2.11185,0.579011,2.39359,1.7881
36.5978,0.239818,0.549472,-0.688776,-2.11881,0.549697,2.38753,1.78811
36.6482,0.24002,0.52349,-0.691543,-2.12516,0.511503,2.37565,1.78812
36.6985,0.240324,0.496187,-0.694973,-2.13114,0.464309,2.35688,1.78811
36.7494,0.240894,0.468344,-0.698945,-2.13539,0.412683,2.33541,1.78812
36.7998,0.241503,0.440658,-0.703162,-2.13761,0.360398,2.31343,1.78811
36.8501,0.241702,0.41232,-0.70695,-2.13777,0.310434,2.29015,1.78811
36.9012,0.241709,0.382621,-0.709367,-2.13775,0.26439,2.26873,1.78811
36.9517,0.241649,0.352726,-0.710529,-2.13753,0.223789,2.24794,1.78811
37.0025,0.241707,0.322132,-0.710652,-2.13656,0.187763,2.22222,1.78811
37.0531,0.241813,0.291139,-0.710484,-2.13559,0.156877,2.19231,1.78811
37.1038,0.241891,0.259941,-0.710436,-2.13326,0.131834,2.15756,1.78811
37.1545,0.241969,0.230732,-0.71041,-2.12817,0.116217,2.12065,1.78812
37.205,0.24199,0.204348,-0.710368,-2.1215,0.110059,2.08784,1.78812
37.2556,0.242015,0.179268,-0.710272,-2.1127,0.109253,2.05763,1.78811
37.306,0.242055,0.155493,-0.710112,-2.1034,0.109178,2.0277,1.78811
37.3565,0.242068,0.131577,-0.710083,-2.09279,0.109139,1.99825,1.78812
37.4068,0.242063,0.108776,-0.710119,-2.082,0.109094,1.96701,1.78811
37.4572,0.242063,0.0869168,-0.710119,-2.07108,0.109086,1.935,1.78812
37.5076,0.241999,0.0663464,-0.709421,-2.0598,0.109056,1.90054,1.78811
37.5579,0.241801,0.0471783,-0.706926,-2.04941,0.108979,1.86659,1.78811
37.6084,0.241489,0.0284729,-0.701579,-2.03799,0.108874,1.83159,1.78811
37.6587,0.241414,0.0104363,-0.693928,-2.02687,0.108816,1.80314,1.78811
37.7091,0.241172,-0.00678459,-0.684376,-2.0144,0.108787,1.77973,1.78811
37.7596,0.241245,-0.0230791,-0.672785,-2.00292,0.108739,1.76812,1.78811
37.8099,0.241304,-0.0379307,-0.659961,-1.99051,0.108647,1.76624,1.78812
37.8603,0.241354,-0.0516424,-0.645758,-1.97533,0.108598,1.76628,1.78811
37.9108,0.241595,-0.0613924,-0.63171,-1.95614,0.108567,1.76634,1.78811
37.9612,0.241608,-0.0686147,-0.61737,-1.93554,0.108518,1.7663,1.78811
38.0117,0.241659,-0.074737,-0.602023,-1.91402,0.108493,1.76632,1.78811
38.0621,0.24178,-0.0789511,-0.585726,-1.89306,0.108486,1.76626,1.78811
38.1124,0.241863,-0.0816501,-0.568803,-1.87113,0.108493,1.76625,1.78811
38.1629,0.241992,-0.0833203,-0.551223,-1.84934,0.108489,1.76623,1.78811
38.2133,0.242294,-0.0843138,-0.531954,-1.82804,0.108489,1.76623,1.78811
38.2637,0.242436,-0.0849893,-0.511868,-1.80831,0.108485,1.76625,1.78812
38.3141,0.243003,-0.0854589,-0.490727,-1.78958,0.108479,1.76622,1.78812
38.3646,0.244519,-0.0858186,-0.468659,-1.77158,0.108491,1.76624,1.78812
38.4152,0.246337,-0.0860788,-0.445478,-1.75605,0.10848,1.76622,1.78812
38.4656,0.248616,-0.0862762,-0.420966,-1.74181,0.108473,1.76621,1.78811
38.5161,0.25141,-0.0864034,-0.396151,-1.72929,0.108474,1.76621,1.78811
38.5665,0.254611,-0.0864238,-0.370065,-1.71834,0.108481,1.76621,1.78811
38.617,0.257667,-0.0863734,-0.343553,-1.70901,0.108489,1.76623,1.78812
38.6675,0.261167,-0.0864101,-0.315552,-1.70009,0.108476,1.76621,1.78811
38.7178,0.264421,-0.086413,-0.286132,-1.6921,0.108479,1.7662,1.78811
38.7684,0.268198,-0.0865042,-0.255223,-1.68606,0.108489,1.76618,1.78812
38.82,0.272377,-0.086698,-0.223781,-1.68221,0.108484,1.76621,1.78811
38.8704,0.276569,-0.0868091,-0.192244,-1.68109,0.108492,1.76623,1.78812
38.9206,0.280461,-0.0866603,-0.161945,-1.68118,0.10848,1.76622,1.78812
38.9709,0.283851,-0.08659,-0.131892,-1.68162,0.108482,1.76622,1.78811
39.0215,0.286698,-0.0861909,-0.101222,-1.68226,0.108484,1.76621,1.78811
39.0718,0.288833,-0.0851064,-0.0711337,-1.68228,0.108484,1.76621,1.78812
39.1225,0.290625,-0.0836721,-0.0408154,-1.68219,0.108493,1.76624,1.78812
39.173,0.292031,-0.0819915,-0.0115306,-1.68228,0.108484,1.76624,1.78811
39.2238,0.293144,-0.080095,0.0173137,-1.68309,0.10849,1.76625,1.78812
39.2745,0.294179,-0.0786065,0.0446212,-1.68566,0.10849,1.76628,1.78812
39.325,0.295084,-0.0777819,0.0698175,-1.69079,0.108495,1.76628,1.78811
39.3754,0.296089,-0.0771915,0.0934551,-1.6982,0.108496,1.76626,1.78812
39.4257,0.296998,-0.0771262,0.114537,-1.7075,0.108486,1.76634,1.78812
39.4761,0.298143,-0.0770942,0.133796,-1.71874,0.108506,1.7695,1.78812
39.5265,0.298578,-0.0766006,0.152243,-1.73204,0.108507,1.78381,1.78812
39.577,0.299416,-0.0755967,0.169016,-1.74692,0.108502,1.81087,1.78812
39.6274,0.30014,-0.0732645,0.184155,-1.76263,0.108507,1.84958,1.78812
39.6777,0.30046,-0.0699064,0.198522,-1.77871,0.108504,1.8961,1.78812
39.728,0.300636,-0.0659515,0.211315,-1.79727,0.108497,1.94842,1.78812
39.7785,0.300656,-0.0609664,0.224094,-1.81746,0.108487,2.00085,1.78812
39.829,0.300729,-0.0560603,0.235185,-1.83967,0.108491,2.04863,1.78811
39.8796,0.301048,-0.0503566,0.245435,-1.86329,0.108494,2.08986,1.78812
39.9301,0.301123,-0.0449929,0.254071,-1.88752,0.108493,2.12279,1.78812
39.9805,0.301084,-0.039503,0.262393,-1.91235,0.108491,2.14756,1.78812
40.0308,0.301075,-0.0343926,0.270935,-1.93578,0.108484,2.16263,1.78811
40.0812,0.301186,-0.0293091,0.278861,-1.95791,0.108482,2.16861,1.78812
40.1315,0.301197,-0.024326,0.286014,-1.97698,0.108478,2.16903,1.78812
40.1819,0.301399,-0.0202804,0.292387,-1.99347,0.108472,2.16897,1.78813
40.2324,0.301487,-0.0173225,0.297696,-2.00744,0.108473,2.16895,1.78812
40.2827,0.30149,-0.0152784,0.302205,-2.01776,0.108469,2.16901,1.78811
40.3332,0.301461,-0.0139866,0.306268,-2.02494,0.108469,2.1692,1.78812
40.3838,0.301405,-0.0134348,0.310156,-2.02975,0.108466,2.16932,1.78812
40.4343,0.301455,-0.0130728,0.314645,-2.03263,0.108468,2.16933,1.78811
40.4849,0.301512,-0.0130411,0.319011,-2.03413,0.108466,2.16933,1.78811
40.5354,0.301516,-0.0130531,0.322727,-2.03476,0.108467,2.16933,1.78812
40.5862,0.301648,-0.0130514,0.325609,-2.03486,0.108466,2.16933,1.78812
40.6366,0.301738,-0.0130619,0.327244,-2.03487,0.108467,2.16933,1.78811
40.687,0.301827,-0.0130619,0.328015,-2.03488,0.108469,2.16933,1.78812
40.7374,0.30183,-0.0130657,0.328134,-2.03488,0.108466,2.16933,1.78812
40.7878,0.301808,-0.0130533,0.328134,-2.0349,0.108471,2.16934,1.78812
42.0237,0.302278,-0.0895059,0.220011,-1.95228,0.108383,2.16931,1.78812
42.0741,0.302062,-0.101046,0.196555,-1.9426,0.108382,2.16932,1.78812
42.1246,0.301825,-0.112303,0.172695,-1.93386,0.108377,2.16931,1.78811
42.1751,0.301527,-0.123566,0.146833,-1.92628,0.108375,2.16934,1.78812
42.2256,0.301387,-0.134646,0.119932,-1.92068,0.108372,2.16945,1.78812
42.2759,0.301365,-0.144232,0.0913989,-1.9173,0.108373,2.1696,1.78811
42.3265,0.30123,-0.152695,0.0620285,-1.91612,0.108372,2.16963,1.78811
42.3773,0.301062,-0.158663,0.0307891,-1.91535,0.108375,2.16963,1.78812
42.428,0.300827,-0.161552,-0.000184042,-1.91474,0.108374,2.16964,1.78811
42.4784,0.300446,-0.162242,-0.0330243,-1.91437,0.108377,2.16964,1.78812
42.5292,0.29967,-0.161817,-0.0658586,-1.91513,0.108372,2.16966,1.78812
42.58,0.29925,-0.161098,-0.100131,-1.91695,0.108374,2.16965,1.78812
42.6304,0.299045,-0.160154,-0.134568,-1.91924,0.108374,2.16964,1.78812
42.6811,0.2986,-0.158979,-0.170589,-1.92166,0.108369,2.16963,1.78811
42.7314,0.298466,-0.157775,-0.207228,-1.92383,0.108374,2.16963,1.78795
42.7818,0.298403,-0.156273,-0.244508,-1.92547,0.108358,2.16964,1.78555
42.8322,0.298166,-0.15448,-0.283445,-1.92674,0.10835,2.16964,1.77979
42.8827,0.297872,-0.152561,-0.321112,-1.92753,0.108355,2.16964,1.77378
42.9331,0.297378,-0.15022,-0.359493,-1.92807,0.108346,2.16964,1.77296
42.9834,0.296909,-0.147904,-0.395706,-1.92876,0.108349,2.16964,1.77294
43.0337,0.296302,-0.145347,-0.431503,-1.92989,0.10832,2.16964,1.77293
43.0841,0.295736,-0.142717,-0.467967,-1.93175,0.108318,2.16965,1.77293
43.1345,0.29516,-0.140364,-0.501803,-1.93397,0.108316,2.16964,1.77293
43.1851,0.294795,-0.138722,-0.535782,-1.93734,0.108311,2.16969,1.77292
43.2355,0.29455,-0.138216,-0.568123,-1.94207,0.108311,2.1697,1.77291
43.286,0.293513,-0.138228,-0.597781,-1.94714,0.108313,2.1697,1.77291
43.3364,0.292794,-0.138291,-0.62492,-1.95182,0.108313,2.16971,1.77291
43.3867,0.291985,-0.138296,-0.64979,-1.95609,0.108311,2.1697,1.7729
43.4371,0.291502,-0.138079,-0.673237,-1.95847,0.10831,2.16969,1.77289
43.4874,0.291404,-0.138146,-0.694748,-1.95948,0.108312,2.1697,1.77289
43.5378,0.29165,-0.1382,-0.717332,-1.9603,0.108314,2.1697,1.77289
43.5896,0.291595,-0.138222,-0.740259,-1.96162,0.108313,2.16971,1.77289
43.6399,0.290919,-0.138337,-0.761208,-1.96371,0.108311,2.16971,1.77288
43.6904,0.289862,-0.138637,-0.778351,-1.96692,0.108311,2.16971,1.77288
43.7411,0.289479,-0.138989,-0.793399,-1.97194,0.108312,2.16973,1.77287
43.7913,0.288843,-0.139782,-0.805792,-1.98089,0.108312,2.17027,1.77287
43.8417,0.288753,-0.140275,-0.816307,-1.99427,0.108315,2.17069,1.77287
43.8921,0.288264,-0.140608,-0.825235,-2.01231,0.10831,2.17114,1.77291
43.9425,0.287982,-0.140244,-0.832095,-2.03286,0.108317,2.17165,1.77345
43.9931,0.287771,-0.138115,-0.837794,-2.05524,0.108315,2.17427,1.77585
44.0435,0.287678,-0.134236,-0.841899,-2.07597,0.108314,2.17966,1.7812
44.0939,0.287608,-0.128084,-0.844839,-2.09427,0.108314,2.18813,1.79281
44.1448,0.287458,-0.118616,-0.846865,-2.10887,0.108312,2.19531,1.80997
44.1952,0.287407,-0.106255,-0.848158,-2.11979,0.108321,2.20378,1.83129
44.2457,0.287313,-0.0900264,-0.84881,-2.12751,0.108324,2.21376,1.8561
44.2961,0.287362,-0.0684598,-0.849218,-2.13115,0.108328,2.22411,1.88299
44.3468,0.287669,-0.0426411,-0.849349,-2.13165,0.108365,2.23447,1.9088
44.3972,0.288444,-0.0156238,-0.84928,-2.13173,0.111022,2.24768,1.93029
44.4475,0.289392,0.0129751,-0.848805,-2.1317,0.118731,2.26539,1.946
44.498,0.289764,0.0427184,-0.847651,-2.13149,0.136934,2.28633,1.95394
44.5483,0.289841,0.0724456,-0.846552,-2.13133,0.166282,2.30785,1.95451
44.5987,0.289877,0.103214,-0.845625,-2.13067,0.203815,2.32753,1.95451
44.65,0.289728,0.136729,-0.843534,-2.12845,0.250105,2.34547,1.95451
44.7004,0.289377,0.170368,-0.839857,-2.12392,0.298905,2.35746,1.95451
44.7509,0.289435,0.204495,-0.835525,-2.11624,0.349512,2.3663,1.95451
44.8013,0.289602,0.238367,-0.832004,-2.10614,0.396096,2.3698,1.95449
44.8521,0.28969,0.273478,-0.828536,-2.09274,0.43786,2.37055,1.95445
44.9028,0.289752,0.307647,-0.82607,-2.07568,0.473047,2.37061,1.95376
44.954,0.289683,0.342286,-0.82509,-2.05627,0.501773,2.37063,1.95081
45.0045,0.28953,0.376096,-0.824982,-2.03525,0.521878,2.37067,1.946
45.0548,0.28896,0.410011,-0.824885,-2.012,0.537536,2.37076,1.94088
45.1053,0.287907,0.44223,-0.824944,-1.98976,0.550138,2.37082,1.93837
45.1558,0.286465,0.475401,-0.825094,-1.96744,0.560265,2.37097,1.93836
45.2062,0.284863,0.507765,-0.824889,-1.94545,0.568474,2.37109,1.93836
45.2567,0.282942,0.538406,-0.824672,-1.9246,0.579243,2.37111,1.93836
45.3071,0.280453,0.567438,-0.824687,-1.90492,0.587209,2.37124,1.93802
45.3574,0.278192,0.593186,-0.824722,-1.8898,0.591473,2.37145,1.93381
45.4079,0.276095,0.615716,-0.824775,-1.8788,0.593257,2.37163,1.92649
45.4585,0.274352,0.633594,-0.824777,-1.87295,0.593792,2.37187,1.91422
45.5093,0.273645,0.648876,-0.824806,-1.872,0.594085,2.37225,1.90181
45.5596,0.273327,0.662528,-0.824554,-1.87292,0.594319,2.37225,1.88901
45.6101,0.273308,0.674036,-0.8244,-1.87564,0.594542,2.37226,1.87695
45.6604,0.273208,0.684856,-0.82431,-1.87865,0.59471,2.37227,1.86899
45.7107,0.273233,0.694105,-0.824145,-1.88245,0.594803,2.37226,1.86431
45.7611,0.273196,0.70189,-0.824161,-1.88702,0.594954,2.37227,1.86315
45.8115,0.273139,0.708659,-0.824022,-1.89267,0.594987,2.37227,1.8631
45.8618,0.273052,0.713943,-0.823259,-1.89914,0.595031,2.37228,1.86307
45.9122,0.27271,0.716526,-0.821064,-1.90658,0.595049,2.37227,1.86305
45.9631,0.272476,0.717386,-0.818319,-1.91431,0.595085,2.37228,1.86302
46.0135,0.272509,0.71786,-0.816159,-1.92047,0.595111,2.37228,1.86291
46.0639,0.27272,0.717981,-0.814626,-1.92622,0.59514,2.37228,1.86144
46.1143,0.273081,0.718049,-0.814099,-1.93165,0.59515,2.37228,1.85684
46.1647,0.273118,0.71802,-0.813921,-1.93642,0.595281,2.37228,1.84872
46.2151,0.273075,0.718009,-0.813903,-1.94062,0.595312,2.37228,1.83769
46.2655,0.273077,0.717971,-0.813719,-1.94491,0.595331,2.37229,1.82618
46.3159,0.27281,0.717937,-0.812795,-1.94972,0.595352,2.3723,1.81097
46.3666,0.272553,0.717971,-0.810946,-1.95505,0.59541,2.37236,1.79569
46.4171,0.272137,0.717981,-0.807768,-1.96027,0.595484,2.37237,1.78539
46.4675,0.271807,0.717985,-0.80344,-1.96489,0.595518,2.37238,1.7772
46.5179,0.271472,0.71797,-0.79782,-1.96905,0.595539,2.37239,1.77509
46.5682,0.271111,0.717967,-0.790828,-1.97283,0.595561,2.3724,1.77507
46.6188,0.270734,0.717979,-0.782511,-1.97677,0.595577,2.37241,1.77506
46.6691,0.270743,0.717972,-0.773053,-1.9813,0.595592,2.37241,1.77504
46.7196,0.270467,0.718019,-0.762431,-1.98636,0.595611,2.37242,1.77503
46.7699,0.270403,0.718057,-0.751331,-1.99098,0.59566,2.37243,1.77502
46.8204,0.270451,0.718055,-0.740001,-1.99524,0.595729,2.37243,1.77501
46.8709,0.270508,0.718108,-0.729268,-1.99903,0.595743,2.37242,1.77499
46.9212,0.270805,0.718258,-0.719347,-2.00211,0.595743,2.37244,1.77499
46.9717,0.270958,0.718437,-0.710875,-2.00448,0.595754,2.37272,1.77498
47.0221,0.271057,0.718601,-0.704124,-2.00593,0.595758,2.37367,1.77498
47.0725,0.271205,0.718784,-0.698775,-2.00655,0.595764,2.37432,1.77498
47.123,0.271342,0.718822,-0.695299,-2.00695,0.595768,2.37456,1.77498
47.1733,0.271393,0.718825,-0.693468,-2.00743,0.595773,2.37467,1.77497
47.2239,0.271322,0.718824,-0.692823,-2.00808,0.595785,2.37495,1.77498
47.2744,0.271162,0.718822,-0.692826,-2.00858,0.595799,2.37572,1.77497
47.3249,0.270894,0.718825,-0.692823,-2.00877,0.595862,2.37705,1.77497
47.3752,0.270829,0.718819,-0.692806,-2.00884,0.595971,2.37874,1.77496
47.4257,0.270833,0.71882,-0.692799,-2.00886,0.595973,2.38006,1.77495
47.4761,0.270836,0.71882,-0.692787,-2.00886,0.59598,2.38056,1.77495
47.5265,0.270846,0.718822,-0.692756,-2.00888,0.595982,2.38108,1.77495
47.577,0.270838,0.718821,-0.692742,-2.0089,0.595981,2.38148,1.77495
48.767,0.271465,0.718002,-0.696261,-2.0374,0.712372,2.44688,1.77485
48.8174,0.274583,0.716374,-0.700566,-2.03967,0.711167,2.44688,1.77409
48.8679,0.279686,0.713676,-0.707792,-2.04292,0.70363,2.44689,1.77402
48.9184,0.285853,0.709197,-0.71619,-2.04782,0.691886,2.44689,1.774
48.9689,0.291757,0.703977,-0.725188,-2.0523,0.681251,2.44692,1.77399
49.0194,0.299242,0.696982,-0.73518,-2.05935,0.663555,2.44689,1.774
49.0697,0.308497,0.683964,-0.74718,-2.07042,0.633029,2.44691,1.77399
49.1205,0.317219,0.668123,-0.758156,-2.08169,0.608449,2.44684,1.77399
49.171,0.325106,0.64692,-0.76767,-2.09461,0.586357,2.4467,1.77398
49.2214,0.330141,0.624143,-0.773922,-2.10698,0.572224,2.44552,1.77398
49.2718,0.333433,0.599184,-0.77776,-2.11858,0.563022,2.44413,1.77396
49.3222,0.33413,0.573108,-0.778229,-2.12933,0.56008,2.4439,1.77397
49.3726,0.334211,0.54601,-0.778137,-2.14007,0.559198,2.44394,1.77397
49.4229,0.334166,0.520607,-0.778296,-2.14941,0.55884,2.44392,1.77397
49.4733,0.334181,0.496039,-0.778438,-2.15824,0.558565,2.44297,1.77396
49.5237,0.334137,0.472299,-0.778746,-2.16618,0.557836,2.43964,1.77396
49.5748,0.334127,0.449965,-0.778949,-2.17215,0.5571,2.43016,1.77395
49.6251,0.334109,0.426874,-0.77898,-2.17687,0.552412,2.41733,1.77395
49.6757,0.334109,0.402835,-0.779023,-2.17903,0.536641,2.39882,1.77394
49.7261,0.334154,0.377566,-0.778965,-2.17973,0.51009,2.37799,1.77393
49.7764,0.334197,0.350064,-0.779001,-2.17976,0.472905,2.35407,1.77393
49.8268,0.334309,0.322363,-0.779042,-2.17894,0.428888,2.32947,1.77393
49.8775,0.334477,0.293466,-0.778977,-2.17725,0.379659,2.30459,1.77392
49.9279,0.334591,0.264549,-0.778697,-2.17384,0.32925,2.27821,1.77392
49.9782,0.334714,0.234586,-0.778166,-2.16848,0.282112,2.25011,1.77392
50.029,0.3351,0.203355,-0.777842,-2.16165,0.238596,2.21891,1.77392
50.0794,0.33542,0.172199,-0.777592,-2.15276,0.201478,2.18369,1.77393
50.1299,0.335555,0.142683,-0.777214,-2.14149,0.172632,2.14478,1.77393
50.1808,0.335576,0.114284,-0.776795,-2.12733,0.151981,2.10066,1.77392
50.2312,0.335589,0.0876974,-0.776378,-2.11031,0.141325,2.05507,1.77392
50.2816,0.335582,0.0616525,-0.775793,-2.08977,0.135739,2.00519,1.77392
50.3319,0.335569,0.0369627,-0.774817,-2.06731,0.134172,1.95378,1.77392
50.3824,0.335515,0.0134071,-0.772973,-2.04152,0.133681,1.89798,1.77392
50.4329,0.335429,-0.00754891,-0.769701,-2.0138,0.133155,1.84372,1.77392
50.4832,0.335183,-0.0264402,-0.764385,-1.98404,0.132709,1.79226,1.77392
50.5335,0.335145,-0.0429078,-0.757065,-1.95181,0.13251,1.74614,1.77392
50.5844,0.335091,-0.0571774,-0.747436,-1.91887,0.13233,1.70812,1.77393
50.6348,0.334878,-0.0685083,-0.736031,-1.88718,0.132157,1.67768,1.77392
50.6852,0.334529,-0.0778952,-0.722102,-1.8557,0.131984,1.65647,1.77392
50.7356,0.33455,-0.0853783,-0.705667,-1.82462,0.131877,1.64417,1.77392
50.7862,0.334755,-0.0906174,-0.68684,-1.79581,0.131822,1.63919,1.77392
50.8366,0.335144,-0.094645,-0.666263,-1.76851,0.131805,1.63914,1.77392
50.887,0.335831,-0.0970518,-0.644935,-1.74344,0.131779,1.63907,1.77393
50.9375,0.337005,-0.0982555,-0.622363,-1.7191,0.1318,1.63904,1.77392
50.9883,0.337901,-0.099021,-0.597989,-1.69613,0.131816,1.63907,1.77392
51.0387,0.338597,-0.0995862,-0.57268,-1.67555,0.131816,1.63908,1.77392
51.0891,0.33942,-0.0998542,-0.54697,-1.65614,0.131821,1.63911,1.77392
51.1397,0.340172,-0.100621,-0.520353,-1.63952,0.131822,1.63913,1.77392
51.1901,0.340927,-0.101405,-0.494126,-1.62635,0.131827,1.63913,1.77392
51.2405,0.341441,-0.102326,-0.467186,-1.61598,0.131841,1.63913,1.77392
51.2909,0.341871,-0.103288,-0.440494,-1.60895,0.131846,1.63909,1.77392
51.3415,0.342144,-0.103915,-0.412535,-1.60368,0.131865,1.63911,1.77392
51.3918,0.342723,-0.104841,-0.384435,-1.60216,0.131881,1.63909,1.77393
51.4422,0.343149,-0.105348,-0.354844,-1.60199,0.131907,1.63911,1.77392
51.4926,0.343438,-0.105363,-0.323029,-1.60206,0.132883,1.63909,1.77393
51.543,0.343949,-0.105292,-0.291315,-1.60211,0.132858,1.63907,1.77392
51.5933,0.344853,-0.105246,-0.25883,-1.60217,0.132841,1.63908,1.77393
51.6436,0.346403,-0.10519,-0.227021,-1.6022,0.132833,1.63911,1.77392
51.6941,0.347362,-0.104951,-0.195155,-1.60217,0.132832,1.6401,1.77393
51.7444,0.348376,-0.104628,-0.163779,-1.60246,0.132826,1.64029,1.77392
51.7951,0.34977,-0.104414,-0.134466,-1.60316,0.13284,1.64019,1.77393
51.8458,0.350597,-0.10426,-0.105853,-1.60439,0.132836,1.63995,1.77393
51.8962,0.351334,-0.104138,-0.0788718,-1.60611,0.132834,1.63982,1.77392
51.9467,0.352074,-0.104144,-0.0539958,-1.60876,0.132828,1.63982,1.77393
51.997,0.353025,-0.104104,-0.0307766,-1.61245,0.132838,1.6399,1.77393
52.0474,0.353633,-0.104059,-0.0083921,-1.61698,0.132847,1.64035,1.77393
52.0979,0.354066,-0.104006,0.0126513,-1.62232,0.132834,1.64115,1.77393
52.1482,0.354543,-0.104039,0.0328291,-1.62972,0.132833,1.64298,1.77393
52.1987,0.355078,-0.104083,0.05245,-1.64031,0.132837,1.64729,1.77392
52.2491,0.355772,-0.103675,0.070804,-1.65343,0.132837,1.65444,1.77393
52.2994,0.355977,-0.102593,0.0882346,-1.66838,0.132841,1.66408,1.77393
52.3503,0.356262,-0.100401,0.104722,-1.68504,0.132846,1.67668,1.77393
52.4006,0.356789,-0.0973442,0.119174,-1.70085,0.132848,1.69178,1.77393
52.451,0.357034,-0.092717,0.134105,-1.71965,0.132851,1.71328,1.77392
52.5015,0.357316,-0.0867767,0.14791,-1.73855,0.132834,1.73614,1.77392
52.5519,0.35745,-0.0798652,0.160265,-1.75744,0.132845,1.75974,1.77393
52.6024,0.357517,-0.0721572,0.173008,-1.77681,0.132839,1.78296,1.77393
52.6529,0.357511,-0.064364,0.184955,-1.79582,0.132844,1.80274,1.77392
52.7039,0.357615,-0.056386,0.197704,-1.81567,0.132843,1.82022,1.77393
52.7541,0.35763,-0.0478356,0.209447,-1.83574,0.132836,1.83789,1.77392
52.8044,0.358127,-0.0389044,0.220141,-1.85457,0.132837,1.8562,1.77392
52.8548,0.35839,-0.0294709,0.229823,-1.87164,0.132836,1.87573,1.77393
52.9054,0.358587,-0.0193989,0.238733,-1.88768,0.132833,1.89677,1.77392
52.9559,0.358886,-0.00916185,0.246598,-1.90083,0.132842,1.91976,1.77393
53.0068,0.359083,0.00173519,0.253434,-1.91162,0.132834,1.94194,1.77393
53.057,0.359029,0.0124977,0.259916,-1.91968,0.132829,1.96182,1.77392
53.1075,0.359147,0.0224431,0.266445,-1.92652,0.132839,1.97728,1.77393
53.1578,0.359124,0.0323563,0.272444,-1.93261,0.13283,1.98665,1.77393
53.2083,0.359159,0.0423882,0.278615,-1.93722,0.132837,1.98976,1.77393
53.2587,0.35915,0.0513174,0.284246,-1.94184,0.132839,1.9898,1.77393
53.3091,0.359338,0.0591906,0.288672,-1.94596,0.132839,1.98983,1.77393
53.3595,0.359736,0.0649493,0.291395,-1.94993,0.132837,1.98982,1.77393
53.4099,0.360034,0.0684236,0.292522,-1.95359,0.132836,1.98981,1.77393
54.7003,0.360561,0.0491572,0.173004,-1.70739,0.132479,1.86541,1.71045
54.7508,0.360444,0.0485945,0.154893,-1.68685,0.132485,1.84954,1.70493
54.8013,0.360272,0.0478717,0.135962,-1.66857,0.132481,1.83716,1.69807
54.8517,0.359932,0.0471462,0.116559,-1.65363,0.132476,1.82898,1.69332
54.9021,0.359538,0.0464366,0.0955771,-1.6414,0.132469,1.82639,1.68982
54.9526,0.359004,0.0459522,0.0736816,-1.63234,0.132123,1.82639,1.68641
55.0032,0.358445,0.0457372,0.0502209,-1.62455,0.130901,1.8264,1.68233
55.0537,0.358392,0.0454718,0.0253809,-1.61953,0.130688,1.82644,1.67658
55.1041,0.35842,0.0452219,-0.00155325,-1.61688,0.130662,1.82645,1.6695
55.1544,0.358229,0.0450974,-0.029848,-1.61646,0.130657,1.82646,1.6572
55.205,0.357483,0.0453835,-0.0597609,-1.61639,0.130645,1.82644,1.64334
55.2554,0.356175,0.0460133,-0.0921273,-1.61633,0.13061,1.82644,1.63
55.3058,0.355052,0.047098,-0.125835,-1.61632,0.130578,1.82644,1.61685
55.3562,0.353987,0.048321,-0.161556,-1.61634,0.13058,1.82644,1.60528
55.4067,0.35308,0.0496147,-0.198182,-1.61643,0.130558,1.82645,1.59702
55.4573,0.352019,0.0507572,-0.235587,-1.61646,0.130522,1.82646,1.59264
55.5078,0.351276,0.0516371,-0.271602,-1.61654,0.130472,1.82735,1.59174
55.5582,0.350411,0.0524186,-0.307838,-1.61666,0.130426,1.82964,1.59169
55.6086,0.349984,0.0533437,-0.342561,-1.61719,0.130401,1.83297,1.59167
55.6591,0.34953,0.0547141,-0.377447,-1.61826,0.13038,1.83526,1.59165
55.7094,0.349206,0.056842,-0.412177,-1.61976,0.130341,1.83632,1.59163
55.7599,0.348854,0.060173,-0.447248,-1.6214,0.13034,1.83747,1.5916
55.8104,0.348341,0.0648206,-0.481018,-1.6233,0.130332,1.83942,1.59158
55.861,0.347603,0.0708246,-0.514825,-1.62611,0.13032,1.84255,1.59158
55.9114,0.346551,0.0776408,-0.546074,-1.63099,0.130322,1.84759,1.59156
55.9617,0.345611,0.084633,-0.575746,-1.6379,0.130317,1.85442,1.59155
56.0126,0.344838,0.0921115,-0.603976,-1.64647,0.130313,1.86201,1.59154
56.0633,0.344107,0.100496,-0.630468,-1.65696,0.1303,1.87606,1.59153
56.1136,0.343421,0.110267,-0.654971,-1.66902,0.130294,1.89714,1.59152
56.1642,0.342507,0.121708,-0.678214,-1.6834,0.130291,1.92664,1.59151
56.2147,0.34151,0.134392,-0.698893,-1.69979,0.130293,1.96253,1.59151
56.2653,0.34078,0.148802,-0.717914,-1.71871,0.130306,2.00192,1.5915
56.3156,0.340015,0.164569,-0.734096,-1.73939,0.130313,2.04346,1.59148
56.3659,0.339038,0.181757,-0.747373,-1.76042,0.130331,2.08714,1.59148
56.4164,0.337545,0.202198,-0.758065,-1.78306,0.13033,2.1353,1.59146
56.4668,0.336208,0.224215,-0.765383,-1.80424,0.130335,2.18438,1.59147
56.5172,0.334869,0.247545,-0.770851,-1.82234,0.130341,2.23261,1.59146
56.5675,0.333229,0.272252,-0.773658,-1.83833,0.130334,2.27841,1.59146
56.6179,0.331628,0.299524,-0.775208,-1.85182,0.130325,2.32444,1.59146
56.6683,0.330156,0.328697,-0.776889,-1.86132,0.130333,2.36627,1.59145
56.7187,0.328479,0.359566,-0.778404,-1.86712,0.130323,2.40103,1.59145
56.7692,0.325733,0.392345,-0.779627,-1.8694,0.130311,2.42695,1.59144
56.8196,0.321735,0.424293,-0.780052,-1.86925,0.13033,2.43905,1.59145
56.87,0.316987,0.456052,-0.77996,-1.86919,0.130339,2.44784,1.59145
56.9204,0.311453,0.485724,-0.779789,-1.86885,0.130338,2.45076,1.59145
56.9708,0.305145,0.513785,-0.779636,-1.86822,0.13036,2.45098,1.59145
57.0216,0.298029,0.54076,-0.779259,-1.86759,0.130547,2.45108,1.59144
57.072,0.291119,0.566033,-0.7789,-1.86699,0.132303,2.45305,1.59137
57.1223,0.284613,0.588153,-0.778736,-1.86691,0.136068,2.45456,1.58951
57.1726,0.278568,0.607215,-0.778685,-1.86691,0.144166,2.45739,1.58019
57.223,0.272658,0.623779,-0.778363,-1.86755,0.157721,2.46124,1.56335
57.2734,0.266727,0.638223,-0.777821,-1.86778,0.175613,2.46457,1.53821
57.3238,0.260292,0.649567,-0.776787,-1.86782,0.197713,2.46574,1.50696
57.3742,0.253268,0.660554,-0.776488,-1.86793,0.225528,2.46588,1.46883
57.4245,0.245857,0.669386,-0.775394,-1.868,0.258257,2.46591,1.43
57.4748,0.237989,0.677257,-0.773973,-1.86797,0.29814,2.46598,1.39235
57.5253,0.228945,0.685667,-0.772351,-1.86798,0.343188,2.46602,1.35488
57.5757,0.219298,0.693684,-0.770131,-1.86805,0.388799,2.46605,1.31803
57.6261,0.210227,0.7021,-0.768938,-1.86818,0.432879,2.46618,1.28074
57.6766,0.201707,0.711527,-0.768776,-1.86868,0.471135,2.46619,1.24467
57.7271,0.193855,0.721375,-0.768786,-1.86902,0.503975,2.46619,1.21034
57.7776,0.187089,0.73133,-0.768932,-1.86909,0.528686,2.46617,1.18023
57.8281,0.181037,0.742008,-0.768642,-1.86971,0.547282,2.46616,1.15425
57.8785,0.175381,0.751872,-0.766908,-1.8707,0.55907,2.46618,1.1304
57.9294,0.170241,0.762734,-0.763707,-1.87234,0.563685,2.46621,1.11041
57.9801,0.166709,0.773926,-0.760078,-1.87501,0.564316,2.46622,1.0943
58.0305,0.164977,0.785257,-0.75662,-1.87734,0.564334,2.46622,1.08303
58.0812,0.163698,0.796956,-0.751522,-1.87889,0.56434,2.46621,1.07917
58.1315,0.162837,0.80747,-0.745289,-1.87906,0.564344,2.46622,1.07914
58.182,0.162256,0.817236,-0.737413,-1.87928,0.564355,2.46622,1.07914
58.2323,0.16186,0.824924,-0.728429,-1.87961,0.564378,2.46621,1.07913
58.2828,0.161922,0.831125,-0.718972,-1.8798,0.564686,2.46622,1.07913
58.3332,0.1619,0.836429,-0.710287,-1.87994,0.565069,2.46622,1.07913
59.5463,0.182167,0.808311,-0.785662,-1.89323,0.557366,2.42597,1.07911
59.5967,0.18706,0.792061,-0.789968,-1.90072,0.557358,2.401,1.07911
59.6471,0.193431,0.773797,-0.794764,-1.90907,0.557287,2.37427,1.0791
59.6975,0.200494,0.752524,-0.799003,-1.91829,0.556552,2.34781,1.0791
59.748,0.209332,0.729634,-0.804558,-1.92828,0.55122,2.32377,1.0791
59.7983,0.217741,0.705411,-0.809829,-1.9378,0.541443,2.30197,1.0791
59.8489,0.227141,0.679799,-0.815573,-1.94678,0.524376,2.28012,1.07909
59.8993,0.235603,0.653774,-0.820801,-1.9547,0.501421,2.26031,1.0791
59.9498,0.24357,0.628238,-0.826658,-1.96038,0.472305,2.23908,1.0791
60.0002,0.250054,0.603095,-0.831055,-1.9632,0.437329,2.21666,1.07909
60.0507,0.256135,0.577559,-0.836135,-1.96413,0.397714,2.19229,1.07908
60.1012,0.261643,0.551544,-0.840642,-1.96412,0.357539,2.16696,1.07909
60.1517,0.266144,0.523819,-0.844134,-1.96393,0.31726,2.14048,1.07909
60.2021,0.269621,0.495164,-0.846308,-1.96327,0.281211,2.11348,1.07909
60.2526,0.272019,0.464195,-0.847188,-1.96201,0.250948,2.08459,1.0791
60.303,0.273533,0.431877,-0.847382,-1.96062,0.23053,2.05582,1.0791
60.3533,0.274704,0.398552,-0.847602,-1.9583,0.21951,2.02898,1.07909
60.4038,0.276356,0.363746,-0.847847,-1.95641,0.214624,2.00435,1.0791
60.4542,0.27774,0.32893,-0.848029,-1.9541,0.213737,1.97734,1.0791
60.5047,0.278854,0.293323,-0.84817,-1.95,0.213546,1.94569,1.07909
60.555,0.280501,0.258941,-0.848213,-1.94492,0.213343,1.91223,1.07909
60.6055,0.282599,0.225116,-0.848317,-1.93887,0.212979,1.87715,1.07909
60.6559,0.285496,0.192294,-0.848306,-1.92989,0.211748,1.84057,1.07909
60.7064,0.288753,0.161751,-0.847194,-1.91906,0.208614,1.80465,1.07909
60.7571,0.291085,0.132621,-0.844065,-1.90735,0.203661,1.771,1.07909
60.8076,0.293172,0.104555,-0.839901,-1.89467,0.19604,1.73896,1.0791
60.8581,0.294908,0.0790052,-0.834151,-1.88075,0.184838,1.71082,1.07909
60.9088,0.296131,0.0544687,-0.826344,-1.86595,0.171007,1.68471,1.0791
60.9596,0.297289,0.0315832,-0.816971,-1.85053,0.156275,1.66222,1.07909
61.01,0.298565,0.0108772,-0.806022,-1.83575,0.141214,1.64362,1.0791
61.0604,0.299732,-0.00957308,-0.792552,-1.82091,0.126199,1.62767,1.07909
61.1121,0.300387,-0.0306726,-0.776501,-1.80523,0.110616,1.61508,1.07909
61.1627,0.301232,-0.0504269,-0.759814,-1.79049,0.0961647,1.60297,1.07909
61.2132,0.301946,-0.0687148,-0.742968,-1.77725,0.0830697,1.59146,1.0791
61.2636,0.302255,-0.0876275,-0.725417,-1.76607,0.0702873,1.57868,1.07909
61.3142,0.302679,-0.105677,-0.707763,-1.756,0.0624549,1.56612,1.07909
61.3646,0.303099,-0.123552,-0.689137,-1.74763,0.0595833,1.55529,1.07909
61.4149,0.303173,-0.141888,-0.670296,-1.7423,0.0592753,1.54813,1.0791
61.4653,0.30363,-0.161354,-0.650184,-1.73886,0.0590474,1.54413,1.07909
61.5157,0.303787,-0.181708,-0.628327,-1.73718,0.0588849,1.54309,1.07909
61.566,0.304208,-0.201519,-0.606002,-1.73648,0.0588556,1.54303,1.07909
61.6164,0.304958,-0.220963,-0.582802,-1.73625,0.0588449,1.543,1.07909
61.6668,0.305364,-0.239057,-0.558729,-1.73613,0.0588526,1.54298,1.07909
61.7171,0.305766,-0.255414,-0.533589,-1.73598,0.0588297,1.54295,1.07909
61.7676,0.30647,-0.270682,-0.506976,-1.73565,0.0588064,1.54293,1.07909
61.818,0.307297,-0.283855,-0.480021,-1.73538,0.0588229,1.54291,1.07909
61.8684,0.307596,-0.295404,-0.451668,-1.73502,0.0588469,1.54291,1.0791
61.9188,0.307863,-0.304708,-0.423285,-1.73494,0.058895,1.54289,1.07909
61.9692,0.308033,-0.313323,-0.394114,-1.73478,0.058881,1.54288,1.07909
62.0196,0.308615,-0.320562,-0.364299,-1.73461,0.0588849,1.54287,1.0791
62.0698,0.309254,-0.325883,-0.334712,-1.73449,0.0588965,1.54287,1.0791
62.1204,0.309496,-0.330191,-0.303872,-1.73441,0.058869,1.54287,1.07909
62.1709,0.309718,-0.333487,-0.272847,-1.73438,0.0588749,1.54287,1.0791
62.2213,0.310043,-0.335729,-0.241341,-1.73447,0.0588702,1.54285,1.07909
62.2718,0.310434,-0.33735,-0.211125,-1.73464,0.0588586,1.54284,1.0791
62.3222,0.311375,-0.338704,-0.175904,-1.73478,0.0588801,1.54282,1.0791
62.3727,0.311906,-0.338991,-0.142588,-1.73477,0.058882,1.54282,1.07909
62.4231,0.312693,-0.339049,-0.11087,-1.7357,0.0588857,1.54281,1.0791
62.4738,0.31366,-0.339165,-0.0799887,-1.73783,0.0588795,1.5428,1.0791
62.5246,0.314295,-0.339174,-0.0479687,-1.74085,0.0588897,1.5428,1.07909
62.575,0.314877,-0.339167,-0.0173471,-1.7441,0.0588892,1.54279,1.07909
62.6255,0.315212,-0.339199,0.0139255,-1.74754,0.0588831,1.54278,1.0791
62.6759,0.315885,-0.339206,0.0434779,-1.75099,0.0588871,1.54276,1.0791
62.7263,0.316859,-0.339346,0.0719307,-1.7549,0.0588896,1.54274,1.0791
62.7767,0.317956,-0.340218,0.0981569,-1.75971,0.0588974,1.54255,1.07909
62.827,0.318816,-0.342376,0.12288,-1.76599,0.0589004,1.54202,1.07909
62.8773,0.319326,-0.346064,0.146549,-1.77395,0.0588998,1.54153,1.07909
62.9276,0.319627,-0.350388,0.168545,-1.78247,0.0588938,1.541,1.0791
62.978,0.320197,-0.3559,0.188906,-1.79216,0.0588945,1.54083,1.0791
63.0284,0.320466,-0.362557,0.208702,-1.80332,0.0588965,1.54076,1.0791
63.0788,0.3209,-0.369088,0.227063,-1.81482,0.0589004,1.54076,1.0791
63.1292,0.320907,-0.374985,0.244606,-1.82587,0.0589062,1.54076,1.0791
63.1802,0.321051,-0.379726,0.261804,-1.83639,0.0592572,1.54074,1.07909
63.2307,0.321187,-0.383393,0.278986,-1.84587,0.060454,1.54075,1.07909
63.281,0.32111,-0.385287,0.296275,-1.85416,0.0623485,1.54073,1.0791
63.3314,0.321173,-0.385488,0.314357,-1.86146,0.0653754,1.54073,1.0791
63.3817,0.321227,-0.385473,0.332448,-1.86868,0.0691511,1.54073,1.07909
63.4321,0.321178,-0.385554,0.350403,-1.87579,0.0741829,1.54073,1.07909
63.4826,0.321256,-0.38551,0.368915,-1.88242,0.0790722,1.54073,1.07909
63.5331,0.321269,-0.385608,0.387788,-1.88808,0.0823786,1.54073,1.07909
63.5868,0.321456,-0.385599,0.407208,-1.8936,0.0825519,1.54071,1.0791
63.6372,0.321602,-0.385692,0.427096,-1.89862,0.0825828,1.54072,1.0791
63.6877,0.321757,-0.385807,0.445144,-1.90312,0.0826046,1.54072,1.0791
63.7381,0.322476,-0.385831,0.461194,-1.90776,0.0826853,1.54072,1.0791
63.7889,0.32334,-0.385959,0.474352,-1.91263,0.0827585,1.54077,1.0791
63.8393,0.324184,-0.386308,0.484497,-1.91815,0.082804,1.54111,1.0791
63.8897,0.32455,-0.386445,0.491931,-1.92328,0.0828347,1.54229,1.07909
63.9401,0.324618,-0.386501,0.498019,-1.92809,0.0828327,1.54481,1.0791
65.217,0.319785,-0.387685,0.213355,-1.93027,0.0515987,1.55022,1.07909
65.2674,0.318552,-0.387679,0.175469,-1.93028,0.051601,1.55022,1.07909
65.3177,0.318073,-0.387633,0.137369,-1.9303,0.0515251,1.55024,1.07909
65.3681,0.317554,-0.387648,0.0996644,-1.93032,0.0515047,1.55023,1.0791
65.4185,0.317311,-0.387617,0.0612982,-1.93031,0.0514899,1.55025,1.07909
65.4692,0.316998,-0.387639,0.0236789,-1.93038,0.0514719,1.55071,1.07909
65.5196,0.317334,-0.387605,-0.01367,-1.93044,0.0514627,1.55435,1.07909
65.57,0.316752,-0.387588,-0.0503186,-1.93063,0.0514556,1.56531,1.07909
65.6204,0.316805,-0.387534,-0.0875406,-1.93077,0.0514702,1.58147,1.0791
65.6708,0.316462,-0.38737,-0.123974,-1.93095,0.0514414,1.60248,1.07909
65.7213,0.315975,-0.387025,-0.160007,-1.93121,0.0514232,1.62622,1.0791
65.7718,0.31598,-0.386741,-0.192716,-1.93207,0.0514334,1.65058,1.0791
65.8224,0.315526,-0.386025,-0.228984,-1.93346,0.0514081,1.67888,1.0791
65.8727,0.314875,-0.384476,-0.260112,-1.93467,0.0514008,1.70166,1.07909
65.9235,0.314526,-0.381942,-0.289868,-1.93614,0.0514055,1.72315,1.0791
65.9738,0.314179,-0.377952,-0.317274,-1.93724,0.0514063,1.74365,1.0791
66.0243,0.313763,-0.372339,-0.343204,-1.93832,0.0514015,1.76602,1.0791
66.0748,0.312971,-0.364731,-0.366322,-1.93899,0.0513982,1.79054,1.0791
66.1253,0.31206,-0.35472,-0.387129,-1.9391,0.0513975,1.81723,1.0791
66.1757,0.311987,-0.342727,-0.406146,-1.939,0.0513954,1.8442,1.07909
66.2262,0.311958,-0.327263,-0.424209,-1.93912,0.0513974,1.872,1.0791
66.2768,0.31175,-0.309047,-0.441321,-1.93914,0.0513935,1.8975,1.07909
66.3273,0.311785,-0.287365,-0.457896,-1.93917,0.051395,1.91945,1.07909
66.3776,0.312015,-0.264732,-0.473937,-1.93933,0.0513946,1.93763,1.07909
66.4282,0.312127,-0.240014,-0.490733,-1.9394,0.0513884,1.95238,1.0791
66.4787,0.312379,-0.214441,-0.507549,-1.93937,0.0513919,1.95968,1.07909
66.5293,0.312607,-0.187358,-0.525895,-1.93953,0.0513905,1.964,1.07909
66.5799,0.312926,-0.15948,-0.545029,-1.93962,0.0513858,1.9698,1.0791
66.6303,0.312881,-0.1304,-0.564709,-1.93971,0.0513898,1.97582,1.07909
66.6808,0.312736,-0.10125,-0.582771,-1.93994,0.0514189,1.98218,1.0791
66.7314,0.312322,-0.0707896,-0.60103,-1.94014,0.052489,1.99156,1.0791
66.7819,0.311928,-0.0403341,-0.617726,-1.94029,0.0556162,2.00139,1.0791
66.8323,0.311853,-0.00926371,-0.633855,-1.94075,0.0615886,2.01543,1.07909
66.8827,0.311729,0.0207763,-0.648659,-1.94141,0.0704627,2.03078,1.07904
66.9335,0.311498,0.0533301,-0.662595,-1.94169,0.0826049,2.04826,1.07855
66.984,0.311248,0.084412,-0.673913,-1.94214,0.0978239,2.06812,1.0778
67.0346,0.311157,0.115272,-0.68322,-1.9427,0.117144,2.09309,1.07669
67.0851,0.310879,0.144231,-0.690898,-1.9431,0.14216,2.12074,1.07541
67.1355,0.310079,0.172971,-0.697133,-1.94332,0.172868,2.14871,1.07323
67.1859,0.308427,0.201515,-0.701547,-1.94333,0.20562,2.17451,1.06846
67.2364,0.306493,0.229811,-0.705008,-1.94323,0.239367,2.19486,1.06173
67.2867,0.304209,0.259111,-0.706808,-1.94315,0.271378,2.21214,1.05228
67.3372,0.301921,0.289714,-0.707453,-1.94325,0.298243,2.22473,1.04261
67.3876,0.299944,0.320202,-0.707676,-1.9432,0.3188,2.23554,1.03045
67.4381,0.298018,0.351233,-0.707736,-1.94333,0.329518,2.24994,1.01593
67.4885,0.296555,0.381212,-0.707874,-1.94378,0.333605,2.26832,1.00256
67.539,0.29532,0.411173,-0.708021,-1.94394,0.333628,2.29199,0.990102
67.5893,0.294845,0.43913,-0.708054,-1.94422,0.333638,2.31902,0.98096
67.6397,0.294817,0.465678,-0.707821,-1.9444,0.333631,2.34922,0.977293
67.6901,0.294752,0.491667,-0.707304,-1.9444,0.333721,2.37731,0.97658
67.7406,0.294688,0.517068,-0.706967,-1.94438,0.335115,2.40216,0.975985
67.791,0.29438,0.542537,-0.705912,-1.94437,0.344286,2.42585,0.975683
67.8413,0.293823,0.565961,-0.703744,-1.94441,0.354262,2.44863,0.975459
67.8916,0.29337,0.586905,-0.700402,-1.94462,0.366774,2.47204,0.975313
67.9419,0.29336,0.605993,-0.696438,-1.94455,0.382357,2.49626,0.975175
67.9923,0.293248,0.623548,-0.691637,-1.94451,0.394829,2.51876,0.975057
68.0427,0.293037,0.640445,-0.686146,-1.94462,0.406031,2.53762,0.974951
68.0931,0.292922,0.655488,-0.680172,-1.94466,0.417426,2.55426,0.974867
68.1435,0.293007,0.66961,-0.673894,-1.94463,0.426084,2.5673,0.974822
68.1942,0.293093,0.682797,-0.66806,-1.9446,0.429173,2.57551,0.974784
68.2446,0.293137,0.695301,-0.662607,-1.94455,0.430237,2.58164,0.974748
68.2951,0.292973,0.707187,-0.65722,-1.94456,0.430746,2.58774,0.974719
68.3455,0.293121,0.718942,-0.652193,-1.94452,0.431046,2.59408,0.974708
68.396,0.29317,0.730122,-0.647767,-1.94445,0.431172,2.60167,0.974701
68.4468,0.293179,0.742927,-0.643728,-1.94376,0.431246,2.60769,0.974691
68.4972,0.29318,0.755576,-0.640814,-1.94174,0.431373,2.61221,0.974654
68.5476,0.292991,0.768433,-0.638199,-1.93923,0.431487,2.61796,0.974626
68.598,0.292863,0.780531,-0.635691,-1.93559,0.431562,2.6262,0.974611
69.8126,0.333406,0.711005,-0.632295,-1.99272,0.432024,2.57318,0.974564
69.8633,0.334863,0.686597,-0.632969,-1.9991,0.430545,2.55484,0.974593
69.9147,0.336981,0.655483,-0.635911,-2.00702,0.423946,2.50971,0.974563
69.965,0.337935,0.622738,-0.639911,-2.00997,0.41394,2.45986,0.974553
70.0153,0.338134,0.590288,-0.643961,-2.01015,0.39826,2.4078,0.974541
70.0656,0.338646,0.556403,-0.649133,-2.00985,0.378943,2.35233,0.974523
70.116,0.339099,0.522355,-0.654782,-2.00884,0.355489,2.29873,0.974523
70.1663,0.339139,0.489377,-0.659265,-2.00712,0.327632,2.24918,0.974508
70.2167,0.339192,0.454619,-0.663395,-2.00643,0.294567,2.20263,0.974497
70.2671,0.339383,0.417971,-0.667568,-2.00486,0.256581,2.15965,0.974491
70.3176,0.339276,0.381511,-0.6699,-2.00261,0.216681,2.12041,0.974483
70.368,0.339312,0.342238,-0.670984,-2.00088,0.175155,2.0815,0.974463
70.4183,0.339313,0.303272,-0.671101,-1.99902,0.135687,2.04287,0.974446
70.4689,0.339405,0.263337,-0.671075,-1.99717,0.0995457,2.00288,0.97443
70.5193,0.339446,0.224695,-0.671002,-1.9949,0.0695612,1.96288,0.974429
70.5697,0.339434,0.185258,-0.670915,-1.99211,0.0456428,1.92308,0.974411
70.62,0.339402,0.147934,-0.670827,-1.98724,0.0274482,1.88572,0.974405
70.6703,0.339462,0.110604,-0.670597,-1.98127,0.0163817,1.84992,0.974382
70.7206,0.339385,0.0751782,-0.670164,-1.97278,0.0121948,1.81706,0.97437
70.771,0.339397,0.0405524,-0.668945,-1.96367,0.0116684,1.78552,0.974371
70.8213,0.339377,0.00743573,-0.666987,-1.95392,0.0116163,1.75469,0.974363
70.8716,0.339329,-0.0236563,-0.663245,-1.94309,0.0115596,1.72605,0.974364
70.9221,0.338966,-0.0530793,-0.657352,-1.93125,0.0114807,1.69767,0.974108
70.9726,0.339089,-0.0797859,-0.650429,-1.91874,0.0114415,1.66984,0.973983
71.023,0.339026,-0.105557,-0.641497,-1.90426,0.0113984,1.64069,0.973968
71.0733,0.338974,-0.129391,-0.6312,-1.88928,0.0113555,1.61446,0.973961
71.1237,0.339009,-0.152532,-0.619144,-1.87378,0.0113191,1.59012,0.973945
71.1741,0.339095,-0.17442,-0.606133,-1.85912,0.011297,1.56781,0.973937
71.2245,0.339383,-0.195986,-0.592286,-1.84623,0.0112772,1.55101,0.973933
71.2748,0.339435,-0.216967,-0.577896,-1.83555,0.0112646,1.54367,0.973931
71.3253,0.339398,-0.236614,-0.562376,-1.82782,0.0112482,1.54282,0.973923
71.3757,0.339093,-0.254501,-0.545447,-1.82441,0.0112428,1.5428,0.973922
71.4262,0.339121,-0.269478,-0.527068,-1.8233,0.0112156,1.54282,0.973917
71.4769,0.340042,-0.280811,-0.506505,-1.82293,0.0112359,1.54281,0.973911
71.5273,0.341979,-0.289559,-0.484183,-1.82265,0.0112862,1.5428,0.973911
71.5778,0.344937,-0.295407,-0.458457,-1.82248,0.0119452,1.54279,0.973902
71.6283,0.348238,-0.298437,-0.430449,-1.82236,0.0133827,1.54279,0.973904
71.6786,0.352076,-0.299477,-0.400398,-1.82232,0.014265,1.54278,0.973902
71.7291,0.355523,-0.299309,-0.368027,-1.8224,0.0144297,1.54278,0.973903
71.7796,0.358351,-0.298986,-0.33504,-1.82248,0.0143761,1.54278,0.9739
71.83,0.360796,-0.298805,-0.301709,-1.8225,0.0143398,1.54278,0.973897
71.8803,0.362374,-0.2987,-0.268073,-1.82253,0.0143588,1.54277,0.973895
71.9308,0.363218,-0.298661,-0.234663,-1.82258,0.014308,1.54275,0.973903
71.9812,0.364199,-0.298697,-0.20207,-1.82256,0.0143683,1.54275,0.973896
72.0317,0.365048,-0.298716,-0.168742,-1.82269,0.0143147,1.54275,0.973895
72.082,0.365715,-0.298731,-0.135819,-1.82342,0.0144822,1.54275,0.973895
72.1325,0.366249,-0.298779,-0.103468,-1.82503,0.0150134,1.54276,0.973997
72.1829,0.367245,-0.298812,-0.0713542,-1.82764,0.0164562,1.54275,0.974891
72.2333,0.36828,-0.298801,-0.0410537,-1.83054,0.0195543,1.54273,0.979306
72.2838,0.369052,-0.2988,-0.0118423,-1.83351,0.0256852,1.54273,0.987445
72.3343,0.369747,-0.298786,0.0145932,-1.83658,0.0393728,1.54276,0.997228
72.3849,0.370451,-0.298865,0.039434,-1.84091,0.0617965,1.54276,1.00975
72.4353,0.371133,-0.298952,0.0613556,-1.84693,0.0927921,1.54275,1.01481
72.4867,0.371966,-0.298908,0.0821151,-1.85429,0.126414,1.54272,1.01484
72.5371,0.37251,-0.298978,0.101271,-1.86185,0.155408,1.54274,1.01483
72.5876,0.37296,-0.299147,0.119909,-1.87072,0.176354,1.54275,1.01483
72.6379,0.3731,-0.299432,0.137764,-1.88129,0.188623,1.54284,1.01483
72.6882,0.373363,-0.299644,0.156473,-1.89336,0.190729,1.54725,1.01483
72.7387,0.373468,-0.300187,0.176274,-1.90872,0.190816,1.55847,1.01483
72.7891,0.373826,-0.300671,0.194458,-1.9261,0.19091,1.57282,1.01483
72.8394,0.374111,-0.301466,0.211644,-1.94677,0.191203,1.59149,1.01519
72.8898,0.374068,-0.301902,0.229338,-1.96798,0.191247,1.60741,1.01637
72.9402,0.374169,-0.302213,0.247976,-1.99189,0.191272,1.62853,1.01859
72.9908,0.374259,-0.302209,0.266586,-2.01603,0.191297,1.65423,1.01892
73.0412,0.374349,-0.302194,0.28507,-2.03972,0.1913,1.68246,1.01893
73.0916,0.374439,-0.302138,0.303812,-2.06324,0.191333,1.71264,1.01893
73.142,0.374382,-0.302092,0.322859,-2.08521,0.19132,1.74081,1.01894
73.1924,0.374589,-0.302116,0.341848,-2.10695,0.191341,1.7676,1.01894
73.2428,0.374885,-0.302118,0.360899,-2.12881,0.19134,1.79476,1.01895
73.2931,0.374916,-0.302185,0.378779,-2.14956,0.191338,1.81834,1.01896
73.3434,0.375098,-0.302284,0.395972,-2.17086,0.191341,1.83976,1.01895
73.3938,0.375319,-0.302322,0.412828,-2.19225,0.191346,1.8568,1.01896
73.4442,0.375437,-0.302394,0.427927,-2.21226,0.191349,1.87105,1.01896
73.4945,0.375861,-0.302483,0.441455,-2.23041,0.191352,1.8818,1.01896
73.545,0.376123,-0.302511,0.453041,-2.24597,0.191355,1.89091,1.01897
73.5953,0.376361,-0.302523,0.463138,-2.25925,0.191355,1.89908,1.01897
73.6457,0.3763,-0.302517,0.472805,-2.27036,0.191356,1.90496,1.01897
73.6961,0.376209,-0.302507,0.484082,-2.2797,0.19143,1.90685,1.01898
73.7466,0.376125,-0.30252,0.497218,-2.28826,0.191662,1.90688,1.01898
73.797,0.376345,-0.302558,0.511604,-2.29604,0.191882,1.90695,1.01898
73.8476,0.376456,-0.30249,0.525741,-2.302,0.191889,1.90697,1.01898
75.0803,0.369818,-0.309146,0.350584,-2.10607,0.160018,1.73439,1.01899
75.1309,0.36789,-0.30925,0.318042,-2.07788,0.15482,1.71584,1.01899
75.1812,0.366866,-0.30928,0.285384,-2.05121,0.142031,1.70153,1.01899
75.2316,0.366251,-0.309293,0.252727,-2.02523,0.122418,1.69123,1.01899
75.282,0.365444,-0.309413,0.221984,-2.00151,0.103963,1.68544,1.01898
75.3324,0.365598,-0.309373,0.192041,-1.9805,0.0946763,1.68537,1.01898
75.3829,0.365624,-0.309602,0.164343,-1.96054,0.0650052,1.6854,1.01898
75.4335,0.365598,-0.309882,0.136292,-1.94274,0.0368783,1.68545,1.01897
75.4838,0.365557,-0.310287,0.10839,-1.92877,0.00881494,1.68555,1.01897
75.5348,0.3657,-0.310554,0.0786014,-1.91866,-0.0181919,1.68561,1.01896
75.5853,0.365816,-0.310585,0.0473427,-1.91263,-0.0417612,1.68576,1.01866
75.6361,0.365271,-0.31057,0.0156097,-1.91136,-0.0601959,1.68575,1.01727
75.6865,0.364144,-0.309774,-0.0187412,-1.91132,-0.0709986,1.68567,1.01493
75.7369,0.36341,-0.307539,-0.0555299,-1.91114,-0.0744254,1.68574,1.01095
75.7873,0.36239,-0.303719,-0.0941974,-1.91095,-0.0750386,1.68714,1.00358
75.8377,0.362548,-0.298702,-0.13704,-1.91078,-0.0752653,1.69314,0.993377
75.8881,0.362073,-0.293045,-0.179745,-1.91072,-0.0756736,1.69956,0.982928
75.9387,0.361908,-0.286918,-0.222805,-1.9107,-0.076134,1.7026,0.967129
75.9893,0.361193,-0.281032,-0.265847,-1.91069,-0.0764131,1.70292,0.946262
76.0397,0.36098,-0.275494,-0.308143,-1.9105,-0.0765594,1.70283,0.918178
76.0901,0.360918,-0.269949,-0.350906,-1.91,-0.0769216,1.70285,0.882281
76.1407,0.360115,-0.264329,-0.394627,-1.9095,-0.0771125,1.70358,0.839885
76.191,0.360013,-0.259064,-0.437606,-1.90884,-0.0772507,1.71025,0.793732
76.2415,0.360026,-0.254458,-0.481497,-1.90836,-0.0773395,1.7256,0.743569
76.2918,0.358854,-0.251036,-0.523025,-1.90812,-0.0775012,1.7443,0.691583
76.3421,0.358307,-0.24882,-0.561713,-1.90798,-0.077618,1.76542,0.640698
76.3925,0.357261,-0.247291,-0.597932,-1.90789,-0.0776974,1.78614,0.591055
76.4429,0.356532,-0.246805,-0.630597,-1.90779,-0.0777828,1.80061,0.546792
76.4933,0.356181,-0.246945,-0.661245,-1.90735,-0.0778292,1.80683,0.507917
76.5437,0.355425,-0.247005,-0.68814,-1.90675,-0.0778834,1.808,0.475536
76.5942,0.354664,-0.247233,-0.712164,-1.90547,-0.0779537,1.80799,0.450343
76.6447,0.353272,-0.248021,-0.731525,-1.90389,-0.0780995,1.808,0.432392
76.695,0.351644,-0.249575,-0.745334,-1.90283,-0.0782711,1.808,0.422782
76.7454,0.349661,-0.25171,-0.75437,-1.90254,-0.07836,1.808,0.42144
76.7961,0.347926,-0.252753,-0.75855,-1.90256,-0.078395,1.80799,0.421434
76.8465,0.347564,-0.252791,-0.759622,-1.90264,-0.078427,1.80799,0.421435
76.8988,0.348549,-0.252613,-0.759391,-1.90271,-0.0784304,1.80799,0.42143
76.9491,0.349446,-0.252465,-0.758638,-1.90272,-0.0784337,1.80799,0.421431
76.9995,0.349846,-0.25248,-0.757834,-1.90269,-0.0784282,1.80799,0.421431
77.0499,0.349852,-0.252468,-0.757497,-1.90268,-0.0784333,1.808,0.421423
77.1003,0.349832,-0.252446,-0.757681,-1.90268,-0.0784326,1.80799,0.421416
77.1507,0.349824,-0.252452,-0.758041,-1.90267,-0.0784324,1.80799,0.421422
77.2011,0.349803,-0.252456,-0.758331,-1.90268,-0.0784317,1.80799,0.421423
77.2514,0.349809,-0.252457,-0.758519,-1.90268,-0.0784378,1.80799,0.421416
77.3018,0.349807,-0.252459,-0.758594,-1.90267,-0.0784384,1.80799,0.421417
77.3522,0.34982,-0.252458,-0.75856,-1.90268,-0.0784371,1.80799,0.421415
77.4028,0.349821,-0.25246,-0.758563,-1.90267,-0.0784359,1.80799,0.421414
77.4532,0.349824,-0.25246,-0.758561,-1.90267,-0.078437,1.80799,0.421413
77.504,0.349818,-0.252457,-0.758558,-1.90267,-0.07844,1.80799,0.421411
77.5545,0.349827,-0.252457,-0.758569,-1.90267,-0.078442,1.80799,0.421409
77.605,0.349824,-0.252459,-0.758619,-1.90267,-0.0784426,1.80799,0.421404
77.6553,0.349819,-0.252469,-0.758705,-1.90267,-0.078444,1.80799,0.421406
77.7056,0.349816,-0.252466,-0.758756,-1.90267,-0.0784445,1.80799,0.421407
77.756,0.349826,-0.252464,-0.758763,-1.90267,-0.078446,1.80799,0.421404
77.8063,0.349822,-0.252464,-0.758801,-1.90267,-0.0784425,1.80799,0.421406
77.8567,0.349819,-0.252464,-0.7588,-1.90267,-0.078446,1.80799,0.421395
77.9071,0.349818,-0.252468,-0.758805,-1.90267,-0.0784449,1.80799,0.421406
77.9575,0.349825,-0.252463,-0.758801,-1.90267,-0.0784475,1.80799,0.421392
78.0078,0.349825,-0.252467,-0.758798,-1.90267,-0.0784503,1.80799,0.421397
78.0582,0.349816,-0.25247,-0.758823,-1.90267,-0.078452,1.80799,0.421399
78.1086,0.349814,-0.252464,-0.758843,-1.90267,-0.078449,1.80799,0.42139
78.1589,0.349821,-0.252466,-0.758869,-1.90267,-0.0784505,1.80799,0.421399
78.2093,0.349824,-0.252468,-0.758928,-1.90267,-0.0784502,1.80799,0.421394
78.2597,0.349812,-0.252466,-0.758947,-1.9027,-0.0784502,1.808,0.421396
78.3101,0.349821,-0.252468,-0.758923,-1.90284,-0.0784509,1.80799,0.421388
78.3605,0.349822,-0.252466,-0.758931,-1.90302,-0.0784495,1.80799,0.421388
78.4108,0.349824,-0.252463,-0.758927,-1.90308,-0.0784506,1.80799,0.421385
78.4613,0.349812,-0.252464,-0.758943,-1.90309,-0.0784556,1.808,0.421395
78.5117,0.349822,-0.252468,-0.758923,-1.90309,-0.0784515,1.80799,0.421388
78.5621,0.349824,-0.252464,-0.758929,-1.90309,-0.0784501,1.80799,0.421384
